n 0.252175 0.956514 -9.20709e-09
v 3.2 0.2 -5
n 0.110432 0.993884 -5.69657e-09
v 5 0 -0.64
n 0.110432 0.993884 -6.36899e-09
v 5 0 -5
n 0.110432 0.993884 -5.69657e-09
v 5 0 -0.64
n 0.252175 0.956514 -9.20709e-09
v 3.2 0.2 -5
n 0.110432 0.993884 -6.36899e-09
v 3.2 0.2 -0.6376
n 0.550513 0.813126 -1.66665e-08
v 1.8 0.8 -5
n 0.252175 0.956514 -1.23389e-08
v 3.2 0.2 -0.6376
n 0.252175 0.956514 -9.20709e-09
v 3.2 0.2 -5
n 0.252175 0.956514 -1.23389e-08
v 3.2 0.2 -0.6376
n 0.550513 0.813126 -1.66665e-08
v 1.8 0.8 -5
n 0.252175 0.956514 -9.20709e-09
v 1.8 0.8 -0.6304
n 0.813126 0.550513 -2.00111e-08
v 0.8 1.8 -5
n 0.550513 0.813126 -1.78038e-08
v 1.8 0.8 -0.6304
n 0.550513 0.813126 -1.66665e-08
v 1.8 0.8 -5
n 0.550513 0.813126 -1.78038e-08
v 1.8 0.8 -0.6304
n 0.813126 0.550513 -2.00111e-08
v 0.8 1.8 -5
n 0.550513 0.813126 -1.66665e-08
v 0.8 1.8 -0.6184
n 0.956514 0.252175 -1.2111e-08
v 0.2 3.2 -5
n 0.813126 0.550513 -1.36328e-08
v 0.8 1.8 -0.6184
n 0.813126 0.550513 -2.00111e-08
v 0.8 1.8 -5
n 0.813126 0.550513 -1.36328e-08
v 0.8 1.8 -0.6184
n 0.956514 0.252175 -1.2111e-08
v 0.2 3.2 -5
n 0.813126 0.550513 -2.00111e-08
v 0.2 3.2 -0.6016
n 0.993884 -2.25763e-08 3.97429e-10
v 0 5 -5
n 0.956514 0.252175 -8.32974e-09
v 0.2 3.2 -0.6016
n 0.956514 0.252175 -1.2111e-08
v 0.2 3.2 -5
n 0.956514 0.252175 -8.32974e-09
v 0.2 3.2 -0.6016
n 0.993884 -2.25763e-08 3.97429e-10
v 0 5 -5
n 0.956514 0.252175 -1.2111e-08
v 0 5 -0.58
n 0.956514 -0.252175 1.96006e-08
v 0.2 6.8 -5
n 0.993884 -2.16671e-08 -2.45208e-10
v 0 5 -0.58
n 0.993884 -2.25763e-08 3.97429e-10
v 0 5 -5
n 0.993884 -2.16671e-08 -2.45208e-10
v 0 5 -0.58
n 0.956514 -0.252175 1.96006e-08
v 0.2 6.8 -5
n 0.993884 -2.25763e-08 3.97429e-10
v 0.2 6.8 -0.5584
n 0.813126 -0.550513 5.69869e-08
v 0.8 8.2 -5
n 0.956514 -0.252175 1.28567e-08
v 0.2 6.8 -0.5584
n 0.956514 -0.252175 1.96006e-08
v 0.2 6.8 -5
n 0.956514 -0.252175 1.28567e-08
v 0.2 6.8 -0.5584
n 0.813126 -0.550513 5.69869e-08
v 0.8 8.2 -5
n 0.956514 -0.252175 1.96006e-08
v 0.8 8.2 -0.5416
n 0.550513 -0.813126 7.71835e-08
v 1.8 9.2 -5
n 0.813126 -0.550513 3.32447e-08
v 0.8 8.2 -0.5416
n 0.813126 -0.550513 5.69869e-08
v 0.8 8.2 -5
n 0.813126 -0.550513 3.32447e-08
v 0.8 8.2 -0.5416
n 0.550513 -0.813126 7.71835e-08
v 1.8 9.2 -5
n 0.813126 -0.550513 5.69869e-08
v 1.8 9.2 -0.5296
n 0.252175 -0.956514 9.82711e-08
v 3.2 9.8 -5
n 0.550513 -0.813126 5.97703e-08
v 1.8 9.2 -0.5296
n 0.550513 -0.813126 7.71835e-08
v 1.8 9.2 -5
n 0.550513 -0.813126 5.97703e-08
v 1.8 9.2 -0.5296
n 0.252175 -0.956514 9.82711e-08
v 3.2 9.8 -5
n 0.550513 -0.813126 7.71835e-08
v 3.2 9.8 -0.5224
n -5.47474e-08 -0.993884 1.205e-07
v 5 10 -5
n 0.252175 -0.956514 8.25523e-08
v 3.2 9.8 -0.5224
n 0.252175 -0.956514 9.82711e-08
v 3.2 9.8 -5
n 0.252175 -0.956514 8.25523e-08
v 3.2 9.8 -0.5224
n -5.47474e-08 -0.993884 1.205e-07
v 5 10 -5
n 0.252175 -0.956514 9.82711e-08
v 5 10 -0.52
n -0.252176 -0.956514 1.35057e-07
v 6.8 9.8 -5
n -5.39716e-08 -0.993884 9.70047e-08
v 5 10 -0.52
n -5.47474e-08 -0.993884 1.205e-07
v 5 10 -5
n -5.39716e-08 -0.993884 9.70047e-08
v 5 10 -0.52
n -0.252176 -0.956514 1.35057e-07
v 6.8 9.8 -5
n -5.47474e-08 -0.993884 1.205e-07
v 6.8 9.8 -0.5224
n -0.550513 -0.813126 1.56458e-07
v 8.2 9.2 -5
n -0.252175 -0.956514 9.56519e-08
v 6.8 9.8 -0.5224
n -0.252176 -0.956514 1.35057e-07
v 6.8 9.8 -5
n -0.252175 -0.956514 9.56519e-08
v 6.8 9.8 -0.5224
n -0.550513 -0.813126 1.56458e-07
v 8.2 9.2 -5
n -0.252176 -0.956514 1.35057e-07
v 8.2 9.2 -0.5296
n -0.813126 -0.550513 1.63926e-07
v 9.2 8.2 -5
n -0.550513 -0.813126 1.08484e-07
v 8.2 9.2 -0.5296
n -0.550513 -0.813126 1.56458e-07
v 8.2 9.2 -5
n -0.550513 -0.813126 1.08484e-07
v 8.2 9.2 -0.5296
n -0.813126 -0.550513 1.63926e-07
v 9.2 8.2 -5
n -0.550513 -0.813126 1.56458e-07
v 9.2 8.2 -0.5416
n -0.956514 -0.252175 1.50828e-07
v 9.8 6.8 -5
n -0.813126 -0.550513 1.19782e-07
v 9.2 8.2 -0.5416
n -0.813126 -0.550513 1.63926e-07
v 9.2 8.2 -5
n -0.813126 -0.550513 1.19782e-07
v 9.2 8.2 -0.5416
n -0.956514 -0.252175 1.50828e-07
v 9.8 6.8 -5
n -0.813126 -0.550513 1.63926e-07
v 9.8 6.8 -0.5584
n -0.993884 -1.01593e-08 1.20589e-07
v 10 5 -5
n -0.956514 -0.252175 9.75464e-08
v 9.8 6.8 -0.5584
n -0.956514 -0.252175 1.50828e-07
v 9.8 6.8 -5
n -0.956514 -0.252175 9.75464e-08
v 9.8 6.8 -0.5584
n -0.993884 -1.01593e-08 1.20589e-07
v 10 5 -5
n -0.956514 -0.252175 1.50828e-07
v 10 5 -0.58
n -0.956514 0.252176 1.03595e-07
v 9.8 3.2 -5
n -0.993884 -9.59615e-09 8.86689e-08
v 10 5 -0.58
n -0.993884 -1.01593e-08 1.20589e-07
v 10 5 -5
n -0.993884 -9.59615e-09 8.86689e-08
v 10 5 -0.58
n -0.956514 0.252176 1.03595e-07
v 9.8 3.2 -5
n -0.993884 -1.01593e-08 1.20589e-07
v 9.8 3.2 -0.6016
n -0.813126 0.550513 6.3532e-08
v 9.2 1.8 -5
n -0.956514 0.252176 7.84935e-08
v 9.8 3.2 -0.6016
n -0.956514 0.252176 1.03595e-07
v 9.8 3.2 -5
n -0.956514 0.252176 7.84935e-08
v 9.8 3.2 -0.6016
n -0.813126 0.550513 6.3532e-08
v 9.2 1.8 -5
n -0.956514 0.252176 1.03595e-07
v 9.2 1.8 -0.6184
n -0.550513 0.813126 2.9431e-08
v 8.2 0.799999 -5
n -0.813126 0.550513 6.28913e-08
v 9.2 1.8 -0.6184
n -0.813126 0.550513 6.3532e-08
v 9.2 1.8 -5
n -0.813126 0.550513 6.28913e-08
v 9.2 1.8 -0.6184
n -0.550513 0.813126 2.9431e-08
v 8.2 0.799999 -5
n -0.813126 0.550513 6.3532e-08
v 8.2 0.799999 -0.6304
n -0.19696 0.459573 1.60921e-08
v 6.8 0.2 -5
n -0.550513 0.813126 4.72017e-08
v 8.2 0.799999 -0.6304
n -0.550513 0.813126 2.9431e-08
v 8.2 0.799999 -5
n -0.550513 0.813126 4.72017e-08
v 8.2 0.799999 -0.6304
n -0.19696 0.459573 1.60921e-08
v 6.8 0.2 -5
n -0.550513 0.813126 2.9431e-08
v 6.8 0.2 -0.6376
n 0.252175 0.956514 -1.23389e-08
v 3.2 0.2 -0.6376
n 0.110432 0.993884 4.60813e-09
v 5 0 2.84
n 0.110432 0.993884 -5.69657e-09
v 5 0 -0.64
n 0.110432 0.993884 4.60813e-09
v 5 0 2.84
n 0.252175 0.956514 -1.23389e-08
v 3.2 0.2 -0.6376
n 0.110432 0.993884 -5.69657e-09
v 3.2 0.2 2.8496
n 0.550513 0.813126 -1.78038e-08
v 1.8 0.8 -0.6304
n 0.252175 0.956514 4.67626e-09
v 3.2 0.2 2.8496
n 0.252175 0.956514 -1.23389e-08
v 3.2 0.2 -0.6376
n 0.252175 0.956514 4.67626e-09
v 3.2 0.2 2.8496
n 0.550513 0.813126 -1.78038e-08
v 1.8 0.8 -0.6304
n 0.252175 0.956514 -1.23389e-08
v 1.8 0.8 2.8784
n 0.813126 0.550513 -1.36328e-08
v 0.8 1.8 -0.6184
n 0.550513 0.813126 1.15049e-08
v 1.8 0.8 2.8784
n 0.550513 0.813126 -1.78038e-08
v 1.8 0.8 -0.6304
n 0.550513 0.813126 1.15049e-08
v 1.8 0.8 2.8784
n 0.813126 0.550513 -1.36328e-08
v 0.8 1.8 -0.6184
n 0.550513 0.813126 -1.78038e-08
v 0.8 1.8 2.9264
n 0.956514 0.252175 -8.32974e-09
v 0.2 3.2 -0.6016
n 0.813126 0.550513 1.67945e-08
v 0.8 1.8 2.9264
n 0.813126 0.550513 -1.36328e-08
v 0.8 1.8 -0.6184
n 0.813126 0.550513 1.67945e-08
v 0.8 1.8 2.9264
n 0.956514 0.252175 -8.32974e-09
v 0.2 3.2 -0.6016
n 0.813126 0.550513 -1.36328e-08
v 0.2 3.2 2.9936
n 0.993884 -2.16671e-08 -2.45208e-10
v 0 5 -0.58
n 0.956514 0.252175 8.98202e-09
v 0.2 3.2 2.9936
n 0.956514 0.252175 -8.32974e-09
v 0.2 3.2 -0.6016
n 0.956514 0.252175 8.98202e-09
v 0.2 3.2 2.9936
n 0.993884 -2.16671e-08 -2.45208e-10
v 0 5 -0.58
n 0.956514 0.252175 -8.32974e-09
v 0 5 3.08
n 0.956514 -0.252175 1.28567e-08
v 0.2 6.8 -0.5584
n 0.993884 -2.2485e-08 -6.77312e-10
v 0 5 3.08
n 0.993884 -2.16671e-08 -2.45208e-10
v 0 5 -0.58
n 0.993884 -2.2485e-08 -6.77312e-10
v 0 5 3.08
n 0.956514 -0.252175 1.28567e-08
v 0.2 6.8 -0.5584
n 0.993884 -2.16671e-08 -2.45208e-10
v 0.2 6.8 3.1664
n 0.813126 -0.550513 3.32447e-08
v 0.8 8.2 -0.5416
n 0.956514 -0.252175 -1.4644e-08
v 0.2 6.8 3.1664
n 0.956514 -0.252175 1.28567e-08
v 0.2 6.8 -0.5584
n 0.956514 -0.252175 -1.4644e-08
v 0.2 6.8 3.1664
n 0.813126 -0.550513 3.32447e-08
v 0.8 8.2 -0.5416
n 0.956514 -0.252175 1.28567e-08
v 0.8 8.2 3.2336
n 0.550513 -0.813126 5.97703e-08
v 1.8 9.2 -0.5296
n 0.813126 -0.550513 -3.34517e-08
v 0.8 8.2 3.2336
n 0.813126 -0.550513 3.32447e-08
v 0.8 8.2 -0.5416
n 0.813126 -0.550513 -3.34517e-08
v 0.8 8.2 3.2336
n 0.550513 -0.813126 5.97703e-08
v 1.8 9.2 -0.5296
n 0.813126 -0.550513 3.32447e-08
v 1.8 9.2 3.2816
n 0.252175 -0.956514 8.25523e-08
v 3.2 9.8 -0.5224
n 0.550513 -0.813126 -3.64634e-08
v 1.8 9.2 3.2816
n 0.550513 -0.813126 5.97703e-08
v 1.8 9.2 -0.5296
n 0.550513 -0.813126 -3.64634e-08
v 1.8 9.2 3.2816
n 0.252175 -0.956514 8.25523e-08
v 3.2 9.8 -0.5224
n 0.550513 -0.813126 5.97703e-08
v 3.2 9.8 3.3104
n -5.39716e-08 -0.993884 9.70047e-08
v 5 10 -0.52
n 0.252175 -0.956514 -5.35997e-08
v 3.2 9.8 3.3104
n 0.252175 -0.956514 8.25523e-08
v 3.2 9.8 -0.5224
n 0.252175 -0.956514 -5.35997e-08
v 3.2 9.8 3.3104
n -5.39716e-08 -0.993884 9.70047e-08
v 5 10 -0.52
n 0.252175 -0.956514 8.25523e-08
v 5 10 3.32
n -0.252175 -0.956514 9.56519e-08
v 6.8 9.8 -0.5224
n -7.80041e-08 -0.993884 -7.12733e-08
v 5 10 3.32
n -5.39716e-08 -0.993884 9.70047e-08
v 5 10 -0.52
n -7.80041e-08 -0.993884 -7.12733e-08
v 5 10 3.32
n -0.252175 -0.956514 9.56519e-08
v 6.8 9.8 -0.5224
n -5.39716e-08 -0.993884 9.70047e-08
v 6.8 9.8 3.3104
n -0.550513 -0.813126 1.08484e-07
v 8.2 9.2 -0.5296
n -0.252175 -0.956514 -8.14735e-08
v 6.8 9.8 3.3104
n -0.252175 -0.956514 9.56519e-08
v 6.8 9.8 -0.5224
n -0.252175 -0.956514 -8.14735e-08
v 6.8 9.8 3.3104
n -0.550513 -0.813126 1.08484e-07
v 8.2 9.2 -0.5296
n -0.252175 -0.956514 9.56519e-08
v 8.2 9.2 3.2816
n -0.813126 -0.550513 1.19782e-07
v 9.2 8.2 -0.5416
n -0.550513 -0.813126 -9.43742e-08
v 8.2 9.2 3.2816
n -0.550513 -0.813126 1.08484e-07
v 8.2 9.2 -0.5296
n -0.550513 -0.813126 -9.43742e-08
v 8.2 9.2 3.2816
n -0.813126 -0.550513 1.19782e-07
v 9.2 8.2 -0.5416
n -0.550513 -0.813126 1.08484e-07
v 9.2 8.2 3.2336
n -0.956514 -0.252175 9.75464e-08
v 9.8 6.8 -0.5584
n -0.813126 -0.550513 -9.24363e-08
v 9.2 8.2 3.2336
n -0.813126 -0.550513 1.19782e-07
v 9.2 8.2 -0.5416
n -0.813126 -0.550513 -9.24363e-08
v 9.2 8.2 3.2336
n -0.956514 -0.252175 9.75464e-08
v 9.8 6.8 -0.5584
n -0.813126 -0.550513 1.19782e-07
v 9.8 6.8 3.1664
n -0.993884 -9.59615e-09 8.86689e-08
v 10 5 -0.58
n -0.956514 -0.252175 -9.41842e-08
v 9.8 6.8 3.1664
n -0.956514 -0.252175 9.75464e-08
v 9.8 6.8 -0.5584
n -0.956514 -0.252175 -9.41842e-08
v 9.8 6.8 3.1664
n -0.993884 -9.59615e-09 8.86689e-08
v 10 5 -0.58
n -0.956514 -0.252175 9.75464e-08
v 10 5 3.08
n -0.956514 0.252176 7.84935e-08
v 9.8 3.2 -0.6016
n -0.993884 -6.41167e-09 -8.19386e-08
v 10 5 3.08
n -0.993884 -9.59615e-09 8.86689e-08
v 10 5 -0.58
n -0.993884 -6.41167e-09 -8.19386e-08
v 10 5 3.08
n -0.956514 0.252176 7.84935e-08
v 9.8 3.2 -0.6016
n -0.993884 -9.59615e-09 8.86689e-08
v 9.8 3.2 2.9936
n -0.813126 0.550513 6.28913e-08
v 9.2 1.8 -0.6184
n -0.956514 0.252176 -7.31985e-08
v 9.8 3.2 2.9936
n -0.956514 0.252176 7.84935e-08
v 9.8 3.2 -0.6016
n -0.956514 0.252176 -7.31985e-08
v 9.8 3.2 2.9936
n -0.813126 0.550513 6.28913e-08
v 9.2 1.8 -0.6184
n -0.956514 0.252176 7.84935e-08
v 9.2 1.8 2.9264
n -0.550513 0.813126 4.72017e-08
v 8.2 0.799999 -0.6304
n -0.813126 0.550513 -5.64579e-08
v 9.2 1.8 2.9264
n -0.813126 0.550513 6.28913e-08
v 9.2 1.8 -0.6184
n -0.813126 0.550513 -5.64579e-08
v 9.2 1.8 2.9264
n -0.550513 0.813126 4.72017e-08
v 8.2 0.799999 -0.6304
n -0.813126 0.550513 6.28913e-08
v 8.2 0.8 2.8784
n -0.393919 0.919145 3.16012e-08
v 6.8 0.2 -0.6376
n -0.550513 0.813126 -2.67812e-08
v 8.2 0.8 2.8784
n -0.550513 0.813126 4.72017e-08
v 8.2 0.799999 -0.6304
n -0.550513 0.813126 -2.67812e-08
v 8.2 0.8 2.8784
n -0.393919 0.919145 3.16012e-08
v 6.8 0.2 -0.6376
n -0.550513 0.813126 4.72017e-08
v 6.8 0.2 2.8496
n 0.252175 0.956514 4.67626e-09
v 3.2 0.2 2.8496
n 0.110432 0.993884 8.91405e-09
v 5 0 5.44
n 0.110432 0.993884 4.60813e-09
v 5 0 2.84
n 0.110432 0.993884 8.91405e-09
v 5 0 5.44
n 0.252175 0.956514 4.67626e-09
v 3.2 0.2 2.8496
n 0.110432 0.993884 4.60813e-09
v 3.2 0.2 5.4616
n 0.550513 0.813126 1.15049e-08
v 1.8 0.8 2.8784
n 0.252175 0.956514 2.11747e-08
v 3.2 0.2 5.4616
n 0.252175 0.956514 4.67626e-09
v 3.2 0.2 2.8496
n 0.252175 0.956514 2.11747e-08
v 3.2 0.2 5.4616
n 0.550513 0.813126 1.15049e-08
v 1.8 0.8 2.8784
n 0.252175 0.956514 4.67626e-09
v 1.8 0.8 5.5264
n 0.813126 0.550513 1.67945e-08
v 0.8 1.8 2.9264
n 0.550513 0.813126 2.58477e-08
v 1.8 0.8 5.5264
n 0.550513 0.813126 1.15049e-08
v 1.8 0.8 2.8784
n 0.550513 0.813126 2.58477e-08
v 1.8 0.8 5.5264
n 0.813126 0.550513 1.67945e-08
v 0.8 1.8 2.9264
n 0.550513 0.813126 1.15049e-08
v 0.8 1.8 5.6344
n 0.956514 0.252175 8.98202e-09
v 0.2 3.2 2.9936
n 0.813126 0.550513 1.65292e-08
v 0.8 1.8 5.6344
n 0.813126 0.550513 1.67945e-08
v 0.8 1.8 2.9264
n 0.813126 0.550513 1.65292e-08
v 0.8 1.8 5.6344
n 0.956514 0.252175 8.98202e-09
v 0.2 3.2 2.9936
n 0.813126 0.550513 1.67945e-08
v 0.2 3.2 5.7856
n 0.993884 -2.2485e-08 -6.77312e-10
v 0 5 3.08
n 0.956514 0.252175 1.26201e-08
v 0.2 3.2 5.7856
n 0.956514 0.252175 8.98202e-09
v 0.2 3.2 2.9936
n 0.956514 0.252175 1.26201e-08
v 0.2 3.2 5.7856
n 0.993884 -2.2485e-08 -6.77312e-10
v 0 5 3.08
n 0.956514 0.252175 8.98202e-09
v 0 5 5.98
n 0.956514 -0.252175 -1.4644e-08
v 0.2 6.8 3.1664
n 0.993884 -2.42994e-08 1.30817e-09
v 0 5 5.98
n 0.993884 -2.2485e-08 -6.77312e-10
v 0 5 3.08
n 0.993884 -2.42994e-08 1.30817e-09
v 0 5 5.98
n 0.956514 -0.252175 -1.4644e-08
v 0.2 6.8 3.1664
n 0.993884 -2.2485e-08 -6.77312e-10
v 0.2 6.8 6.1744
n 0.813126 -0.550513 -3.34517e-08
v 0.8 8.2 3.2336
n 0.956514 -0.252175 -1.43182e-08
v 0.2 6.8 6.1744
n 0.956514 -0.252175 -1.4644e-08
v 0.2 6.8 3.1664
n 0.956514 -0.252175 -1.43182e-08
v 0.2 6.8 6.1744
n 0.813126 -0.550513 -3.34517e-08
v 0.8 8.2 3.2336
n 0.956514 -0.252175 -1.4644e-08
v 0.8 8.2 6.3256
n 0.550513 -0.813126 -3.64634e-08
v 1.8 9.2 3.2816
n 0.813126 -0.550513 -4.77695e-08
v 0.8 8.2 6.3256
n 0.813126 -0.550513 -3.34517e-08
v 0.8 8.2 3.2336
n 0.813126 -0.550513 -4.77695e-08
v 0.8 8.2 6.3256
n 0.550513 -0.813126 -3.64634e-08
v 1.8 9.2 3.2816
n 0.813126 -0.550513 -3.34517e-08
v 1.8 9.2 6.4336
n 0.252175 -0.956514 -5.35997e-08
v 3.2 9.8 3.3104
n 0.550513 -0.813126 -9.17313e-08
v 1.8 9.2 6.4336
n 0.550513 -0.813126 -3.64634e-08
v 1.8 9.2 3.2816
n 0.550513 -0.813126 -9.17313e-08
v 1.8 9.2 6.4336
n 0.252175 -0.956514 -5.35997e-08
v 3.2 9.8 3.3104
n 0.550513 -0.813126 -3.64634e-08
v 3.2 9.8 6.4984
n -7.80041e-08 -0.993884 -7.12733e-08
v 5 10 3.32
n 0.252175 -0.956514 -1.15221e-07
v 3.2 9.8 6.4984
n 0.252175 -0.956514 -5.35997e-08
v 3.2 9.8 3.3104
n 0.252175 -0.956514 -1.15221e-07
v 3.2 9.8 6.4984
n -7.80041e-08 -0.993884 -7.12733e-08
v 5 10 3.32
n 0.252175 -0.956514 -5.35997e-08
v 5 10 6.52
n -0.252175 -0.956514 -8.14735e-08
v 6.8 9.8 3.3104
n -8.49613e-08 -0.993884 -1.27263e-07
v 5 10 6.52
n -7.80041e-08 -0.993884 -7.12733e-08
v 5 10 3.32
n -8.49613e-08 -0.993884 -1.27263e-07
v 5 10 6.52
n -0.252175 -0.956514 -8.14735e-08
v 6.8 9.8 3.3104
n -7.80041e-08 -0.993884 -7.12733e-08
v 6.8 9.8 6.4984
n -0.550513 -0.813126 -9.43742e-08
v 8.2 9.2 3.2816
n -0.252175 -0.956514 -1.35262e-07
v 6.8 9.8 6.4984
n -0.252175 -0.956514 -8.14735e-08
v 6.8 9.8 3.3104
n -0.252175 -0.956514 -1.35262e-07
v 6.8 9.8 6.4984
n -0.550513 -0.813126 -9.43742e-08
v 8.2 9.2 3.2816
n -0.252175 -0.956514 -8.14735e-08
v 8.2 9.2 6.4336
n -0.813126 -0.550513 -9.24363e-08
v 9.2 8.2 3.2336
n -0.550513 -0.813126 -1.73848e-07
v 8.2 9.2 6.4336
n -0.550513 -0.813126 -9.43742e-08
v 8.2 9.2 3.2816
n -0.550513 -0.813126 -1.73848e-07
v 8.2 9.2 6.4336
n -0.813126 -0.550513 -9.24363e-08
v 9.2 8.2 3.2336
n -0.550513 -0.813126 -9.43742e-08
v 9.2 8.2 6.3256
n -0.956514 -0.252175 -9.41842e-08
v 9.8 6.8 3.1664
n -0.813126 -0.550513 -1.88676e-07
v 9.2 8.2 6.3256
n -0.813126 -0.550513 -9.24363e-08
v 9.2 8.2 3.2336
n -0.813126 -0.550513 -1.88676e-07
v 9.2 8.2 6.3256
n -0.956514 -0.252175 -9.41842e-08
v 9.8 6.8 3.1664
n -0.813126 -0.550513 -9.24363e-08
v 9.8 6.8 6.1744
n -0.993884 -6.41167e-09 -8.19386e-08
v 10 5 3.08
n -0.956514 -0.252175 -1.37517e-07
v 9.8 6.8 6.1744
n -0.956514 -0.252175 -9.41842e-08
v 9.8 6.8 3.1664
n -0.956514 -0.252175 -1.37517e-07
v 9.8 6.8 6.1744
n -0.993884 -6.41167e-09 -8.19386e-08
v 10 5 3.08
n -0.956514 -0.252175 -9.41842e-08
v 10 5 5.98
n -0.956514 0.252176 -7.31985e-08
v 9.8 3.2 2.9936
n -0.993884 -7.456e-09 -1.20352e-07
v 10 5 5.98
n -0.993884 -6.41167e-09 -8.19386e-08
v 10 5 3.08
n -0.993884 -7.456e-09 -1.20352e-07
v 10 5 5.98
n -0.956514 0.252176 -7.31985e-08
v 9.8 3.2 2.9936
n -0.993884 -6.41167e-09 -8.19386e-08
v 9.8 3.2 5.7856
n -0.813126 0.550513 -5.64579e-08
v 9.2 1.8 2.9264
n -0.956514 0.252176 -1.07115e-07
v 9.8 3.2 5.7856
n -0.956514 0.252176 -7.31985e-08
v 9.8 3.2 2.9936
n -0.956514 0.252176 -1.07115e-07
v 9.8 3.2 5.7856
n -0.813126 0.550513 -5.64579e-08
v 9.2 1.8 2.9264
n -0.956514 0.252176 -7.31985e-08
v 9.2 1.8 5.6344
n -0.550513 0.813126 -2.67812e-08
v 8.2 0.8 2.8784
n -0.813126 0.550513 -8.87077e-08
v 9.2 1.8 5.6344
n -0.813126 0.550513 -5.64579e-08
v 9.2 1.8 2.9264
n -0.813126 0.550513 -8.87077e-08
v 9.2 1.8 5.6344
n -0.550513 0.813126 -2.67812e-08
v 8.2 0.8 2.8784
n -0.813126 0.550513 -5.64579e-08
v 8.2 0.799999 5.5264
n -0.393919 0.919145 -1.9127e-08
v 6.8 0.2 2.8496
n -0.550513 0.813126 -6.63672e-08
v 8.2 0.799999 5.5264
n -0.550513 0.813126 -2.67812e-08
v 8.2 0.8 2.8784
n -0.550513 0.813126 -6.63672e-08
v 8.2 0.799999 5.5264
n -0.393919 0.919145 -1.9127e-08
v 6.8 0.2 2.8496
n -0.550513 0.813126 -2.67812e-08
v 6.8 0.2 5.4616
n 0.252175 0.956514 2.11747e-08
v 3.2 0.2 5.4616
n 0.110432 0.993884 3.01822e-09
v 5 0 7.16
n 0.110432 0.993884 8.91405e-09
v 5 0 5.44
n 0.110432 0.993884 3.01822e-09
v 5 0 7.16
n 0.252175 0.956514 2.11747e-08
v 3.2 0.2 5.4616
n 0.110432 0.993884 8.91405e-09
v 3.2 0.2 7.1984
n 0.550513 0.813126 2.58477e-08
v 1.8 0.8 5.5264
n 0.252175 0.956514 8.15554e-09
v 3.2 0.2 7.1984
n 0.252175 0.956514 2.11747e-08
v 3.2 0.2 5.4616
n 0.252175 0.956514 8.15554e-09
v 3.2 0.2 7.1984
n 0.550513 0.813126 2.58477e-08
v 1.8 0.8 5.5264
n 0.252175 0.956514 2.11747e-08
v 1.8 0.8 7.3136
n 0.813126 0.550513 1.65292e-08
v 0.8 1.8 5.6344
n 0.550513 0.813126 1.12055e-08
v 1.8 0.8 7.3136
n 0.550513 0.813126 2.58477e-08
v 1.8 0.8 5.5264
n 0.550513 0.813126 1.12055e-08
v 1.8 0.8 7.3136
n 0.813126 0.550513 1.65292e-08
v 0.8 1.8 5.6344
n 0.550513 0.813126 2.58477e-08
v 0.8 1.8 7.5056
n 0.956514 0.252175 1.26201e-08
v 0.2 3.2 5.7856
n 0.813126 0.550513 5.58155e-09
v 0.8 1.8 7.5056
n 0.813126 0.550513 1.65292e-08
v 0.8 1.8 5.6344
n 0.813126 0.550513 5.58155e-09
v 0.8 1.8 7.5056
n 0.956514 0.252175 1.26201e-08
v 0.2 3.2 5.7856
n 0.813126 0.550513 1.65292e-08
v 0.2 3.2 7.7744
n 0.993884 -2.42994e-08 1.30817e-09
v 0 5 5.98
n 0.956514 0.252175 2.58014e-09
v 0.2 3.2 7.7744
n 0.956514 0.252175 1.26201e-08
v 0.2 3.2 5.7856
n 0.956514 0.252175 2.58014e-09
v 0.2 3.2 7.7744
n 0.993884 -2.42994e-08 1.30817e-09
v 0 5 5.98
n 0.956514 0.252175 1.26201e-08
v 0 5 8.12
n 0.956514 -0.252175 -1.43182e-08
v 0.2 6.8 6.1744
n 0.993884 -2.26422e-08 4.64107e-10
v 0 5 8.12
n 0.993884 -2.42994e-08 1.30817e-09
v 0 5 5.98
n 0.993884 -2.26422e-08 4.64107e-10
v 0 5 8.12
n 0.956514 -0.252175 -1.43182e-08
v 0.2 6.8 6.1744
n 0.993884 -2.42994e-08 1.30817e-09
v 0.2 6.8 8.4656
n 0.813126 -0.550513 -4.77695e-08
v 0.8 8.2 6.3256
n 0.956514 -0.252175 -2.8645e-09
v 0.2 6.8 8.4656
n 0.956514 -0.252175 -1.43182e-08
v 0.2 6.8 6.1744
n 0.956514 -0.252175 -2.8645e-09
v 0.2 6.8 8.4656
n 0.813126 -0.550513 -4.77695e-08
v 0.8 8.2 6.3256
n 0.956514 -0.252175 -1.43182e-08
v 0.8 8.2 8.7344
n 0.550513 -0.813126 -9.17313e-08
v 1.8 9.2 6.4336
n 0.813126 -0.550513 -1.25783e-08
v 0.8 8.2 8.7344
n 0.813126 -0.550513 -4.77695e-08
v 0.8 8.2 6.3256
n 0.813126 -0.550513 -1.25783e-08
v 0.8 8.2 8.7344
n 0.550513 -0.813126 -9.17313e-08
v 1.8 9.2 6.4336
n 0.813126 -0.550513 -4.77695e-08
v 1.8 9.2 8.9264
n 0.252175 -0.956514 -1.15221e-07
v 3.2 9.8 6.4984
n 0.550513 -0.813126 -2.78092e-08
v 1.8 9.2 8.9264
n 0.550513 -0.813126 -9.17313e-08
v 1.8 9.2 6.4336
n 0.550513 -0.813126 -2.78092e-08
v 1.8 9.2 8.9264
n 0.252175 -0.956514 -1.15221e-07
v 3.2 9.8 6.4984
n 0.550513 -0.813126 -9.17313e-08
v 3.2 9.8 9.0416
n -8.49613e-08 -0.993884 -1.27263e-07
v 5 10 6.52
n 0.252175 -0.956514 -2.84434e-08
v 3.2 9.8 9.0416
n 0.252175 -0.956514 -1.15221e-07
v 3.2 9.8 6.4984
n 0.252175 -0.956514 -2.84434e-08
v 3.2 9.8 9.0416
n -8.49613e-08 -0.993884 -1.27263e-07
v 5 10 6.52
n 0.252175 -0.956514 -1.15221e-07
v 5 10 9.08
n -0.252175 -0.956514 -1.35262e-07
v 6.8 9.8 6.4984
n -7.32701e-08 -0.993884 -2.79802e-08
v 5 10 9.08
n -8.49613e-08 -0.993884 -1.27263e-07
v 5 10 6.52
n -7.32701e-08 -0.993884 -2.79802e-08
v 5 10 9.08
n -0.252175 -0.956514 -1.35262e-07
v 6.8 9.8 6.4984
n -8.49613e-08 -0.993884 -1.27263e-07
v 6.8 9.8 9.0416
n -0.550513 -0.813126 -1.73848e-07
v 8.2 9.2 6.4336
n -0.252176 -0.956514 -2.29028e-08
v 6.8 9.8 9.0416
n -0.252175 -0.956514 -1.35262e-07
v 6.8 9.8 6.4984
n -0.252176 -0.956514 -2.29028e-08
v 6.8 9.8 9.0416
n -0.550513 -0.813126 -1.73848e-07
v 8.2 9.2 6.4336
n -0.252175 -0.956514 -1.35262e-07
v 8.2 9.2 8.9264
n -0.813126 -0.550513 -1.88676e-07
v 9.2 8.2 6.3256
n -0.550513 -0.813126 -2.07165e-08
v 8.2 9.2 8.9264
n -0.550513 -0.813126 -1.73848e-07
v 8.2 9.2 6.4336
n -0.550513 -0.813126 -2.07165e-08
v 8.2 9.2 8.9264
n -0.813126 -0.550513 -1.88676e-07
v 9.2 8.2 6.3256
n -0.550513 -0.813126 -1.73848e-07
v 9.2 8.2 8.7344
n -0.956514 -0.252175 -1.37517e-07
v 9.8 6.8 6.1744
n -0.813126 -0.550513 -3.59085e-08
v 9.2 8.2 8.7344
n -0.813126 -0.550513 -1.88676e-07
v 9.2 8.2 6.3256
n -0.813126 -0.550513 -3.59085e-08
v 9.2 8.2 8.7344
n -0.956514 -0.252175 -1.37517e-07
v 9.8 6.8 6.1744
n -0.813126 -0.550513 -1.88676e-07
v 9.8 6.8 8.4656
n -0.993884 -7.456e-09 -1.20352e-07
v 10 5 5.98
n -0.956514 -0.252175 -2.93427e-08
v 9.8 6.8 8.4656
n -0.956514 -0.252175 -1.37517e-07
v 9.8 6.8 6.1744
n -0.956514 -0.252175 -2.93427e-08
v 9.8 6.8 8.4656
n -0.993884 -7.456e-09 -1.20352e-07
v 10 5 5.98
n -0.956514 -0.252175 -1.37517e-07
v 10 5 8.12
n -0.956514 0.252176 -1.07115e-07
v 9.8 3.2 5.7856
n -0.993884 -7.33025e-09 -2.63765e-08
v 10 5 8.12
n -0.993884 -7.456e-09 -1.20352e-07
v 10 5 5.98
n -0.993884 -7.33025e-09 -2.63765e-08
v 10 5 8.12
n -0.956514 0.252176 -1.07115e-07
v 9.8 3.2 5.7856
n -0.993884 -7.456e-09 -1.20352e-07
v 9.8 3.2 7.7744
n -0.813126 0.550513 -8.87077e-08
v 9.2 1.8 5.6344
n -0.956514 0.252176 -2.70289e-08
v 9.8 3.2 7.7744
n -0.956514 0.252176 -1.07115e-07
v 9.8 3.2 5.7856
n -0.956514 0.252176 -2.70289e-08
v 9.8 3.2 7.7744
n -0.813126 0.550513 -8.87077e-08
v 9.2 1.8 5.6344
n -0.956514 0.252176 -1.07115e-07
v 9.2 1.8 7.5056
n -0.550513 0.813126 -6.63672e-08
v 8.2 0.799999 5.5264
n -0.813126 0.550513 -6.63977e-09
v 9.2 1.8 7.5056
n -0.813126 0.550513 -8.87077e-08
v 9.2 1.8 5.6344
n -0.813126 0.550513 -6.63977e-09
v 9.2 1.8 7.5056
n -0.550513 0.813126 -6.63672e-08
v 8.2 0.799999 5.5264
n -0.813126 0.550513 -8.87077e-08
v 8.2 0.799999 7.3136
n -0.393919 0.919145 -3.65178e-08
v 6.8 0.2 5.4616
n -0.550513 0.813126 -1.51472e-08
v 8.2 0.799999 7.3136
n -0.550513 0.813126 -6.63672e-08
v 8.2 0.799999 5.5264
n -0.550513 0.813126 -1.51472e-08
v 8.2 0.799999 7.3136
n -0.393919 0.919145 -3.65178e-08
v 6.8 0.2 5.4616
n -0.550513 0.813126 -6.63672e-08
v 6.8 0.2 7.1984
n 0.252175 0.956514 8.15554e-09
v 3.2 0.2 7.1984
n 0.111216 0.993109 0.0261141
v 5 0 8
n 0.110432 0.993884 3.01822e-09
v 5 0 7.16
n 0.111216 0.993109 0.0261141
v 5 0 8
n 0.252175 0.956514 8.15554e-09
v 3.2 0.2 7.1984
n 0.110432 0.993884 3.01822e-09
v 3.2 0.2 8.06
n 0.550513 0.813126 1.12055e-08
v 1.8 0.8 7.3136
n 0.25378 0.955276 0.0253214
v 3.2 0.2 8.06
n 0.252175 0.956514 8.15554e-09
v 3.2 0.2 7.1984
n 0.25378 0.955276 0.0253214
v 3.2 0.2 8.06
n 0.550513 0.813126 1.12055e-08
v 1.8 0.8 7.3136
n 0.252175 0.956514 8.15554e-09
v 1.8 0.8 8.24
n 0.813126 0.550513 5.58155e-09
v 0.8 1.8 7.5056
n 0.553051 0.810666 0.0220453
v 1.8 0.8 8.24
n 0.550513 0.813126 1.12055e-08
v 1.8 0.8 7.3136
n 0.553051 0.810666 0.0220453
v 1.8 0.8 8.24
n 0.813126 0.550513 5.58155e-09
v 0.8 1.8 7.5056
n 0.550513 0.813126 1.12055e-08
v 0.8 1.8 8.54
n 0.956514 0.252175 2.58014e-09
v 0.2 3.2 7.7744
n 0.815004 0.547441 0.015449
v 0.8 1.8 8.54
n 0.813126 0.550513 5.58155e-09
v 0.8 1.8 7.5056
n 0.815004 0.547441 0.015449
v 0.8 1.8 8.54
n 0.956514 0.252175 2.58014e-09
v 0.2 3.2 7.7744
n 0.813126 0.550513 5.58155e-09
v 0.2 3.2 8.96
n 0.993884 -2.26422e-08 4.64107e-10
v 0 5 8.12
n 0.957115 0.250223 0.00731429
v 0.2 3.2 8.96
n 0.956514 0.252175 2.58014e-09
v 0.2 3.2 7.7744
n 0.957115 0.250223 0.00731429
v 0.2 3.2 8.96
n 0.993884 -2.26422e-08 4.64107e-10
v 0 5 8.12
n 0.956514 0.252175 2.58014e-09
v 0 5 9.5
n 0.956514 -0.252175 -2.8645e-09
v 0.2 6.8 8.4656
n 0.993982 1.41968e-05 -4.78522e-05
v 0 5 9.5
n 0.993884 -2.26422e-08 4.64107e-10
v 0 5 8.12
n 0.993982 1.41968e-05 -4.78522e-05
v 0 5 9.5
n 0.956514 -0.252175 -2.8645e-09
v 0.2 6.8 8.4656
n 0.993884 -2.26422e-08 4.64107e-10
v 0.2 6.8 10.04
n 0.813126 -0.550513 -1.25783e-08
v 0.8 8.2 8.7344
n 0.957159 -0.250077 -0.00786128
v 0.2 6.8 10.04
n 0.956514 -0.252175 -2.8645e-09
v 0.2 6.8 8.4656
n 0.957159 -0.250077 -0.00786128
v 0.2 6.8 10.04
n 0.813126 -0.550513 -1.25783e-08
v 0.8 8.2 8.7344
n 0.956514 -0.252175 -2.8645e-09
v 0.8 8.2 10.46
n 0.550513 -0.813126 -2.78092e-08
v 1.8 9.2 8.9264
n 0.815221 -0.547044 -0.0174139
v 0.8 8.2 10.46
n 0.813126 -0.550513 -1.25783e-08
v 0.8 8.2 8.7344
n 0.815221 -0.547044 -0.0174139
v 0.8 8.2 10.46
n 0.550513 -0.813126 -2.78092e-08
v 1.8 9.2 8.9264
n 0.813126 -0.550513 -1.25783e-08
v 1.8 9.2 10.76
n 0.252175 -0.956514 -2.84434e-08
v 3.2 9.8 9.0416
n 0.553445 -0.810155 -0.0260376
v 1.8 9.2 10.76
n 0.550513 -0.813126 -2.78092e-08
v 1.8 9.2 8.9264
n 0.553445 -0.810155 -0.0260376
v 1.8 9.2 10.76
n 0.252175 -0.956514 -2.84434e-08
v 3.2 9.8 9.0416
n 0.550513 -0.813126 -2.78092e-08
v 3.2 9.8 10.94
n -7.32701e-08 -0.993884 -2.79802e-08
v 5 10 9.08
n 0.254079 -0.954844 -0.0308728
v 3.2 9.8 10.94
n 0.252175 -0.956514 -2.84434e-08
v 3.2 9.8 9.0416
n 0.254079 -0.954844 -0.0308728
v 3.2 9.8 10.94
n -7.32701e-08 -0.993884 -2.79802e-08
v 5 10 9.08
n 0.252175 -0.956514 -2.84434e-08
v 5 10 11
n -0.252176 -0.956514 -2.29028e-08
v 6.8 9.8 9.0416
n -4.60577e-07 -0.992735 -0.0321791
v 5 10 11
n -7.32701e-08 -0.993884 -2.79802e-08
v 5 10 9.08
n -4.60577e-07 -0.992735 -0.0321791
v 5 10 11
n -0.252176 -0.956514 -2.29028e-08
v 6.8 9.8 9.0416
n -7.32701e-08 -0.993884 -2.79802e-08
v 6.8 9.8 10.94
n -0.550513 -0.813126 -2.07165e-08
v 8.2 9.2 8.9264
n -0.254084 -0.954838 -0.0309327
v 6.8 9.8 10.94
n -0.252176 -0.956514 -2.29028e-08
v 6.8 9.8 9.0416
n -0.254084 -0.954838 -0.0309327
v 6.8 9.8 10.94
n -0.550513 -0.813126 -2.07165e-08
v 8.2 9.2 8.9264
n -0.252176 -0.956514 -2.29028e-08
v 8.2 9.2 10.76
n -0.813126 -0.550513 -3.59085e-08
v 9.2 8.2 8.7344
n -0.553456 -0.810139 -0.0261469
v 8.2 9.2 10.76
n -0.550513 -0.813126 -2.07165e-08
v 8.2 9.2 8.9264
n -0.553456 -0.810139 -0.0261469
v 8.2 9.2 10.76
n -0.813126 -0.550513 -3.59085e-08
v 9.2 8.2 8.7344
n -0.550513 -0.813126 -2.07165e-08
v 9.2 8.2 10.46
n -0.956514 -0.252175 -2.93427e-08
v 9.8 6.8 8.4656
n -0.815233 -0.547015 -0.0175402
v 9.2 8.2 10.46
n -0.813126 -0.550513 -3.59085e-08
v 9.2 8.2 8.7344
n -0.815233 -0.547015 -0.0175402
v 9.2 8.2 10.46
n -0.956514 -0.252175 -2.93427e-08
v 9.8 6.8 8.4656
n -0.813126 -0.550513 -3.59085e-08
v 9.8 6.8 10.04
n -0.993884 -7.33025e-09 -2.63765e-08
v 10 5 8.12
n -0.957165 -0.250052 -0.00795375
v 9.8 6.8 10.04
n -0.956514 -0.252175 -2.93427e-08
v 9.8 6.8 8.4656
n -0.957165 -0.250052 -0.00795375
v 9.8 6.8 10.04
n -0.993884 -7.33025e-09 -2.63765e-08
v 10 5 8.12
n -0.956514 -0.252175 -2.93427e-08
v 10 5 9.5
n -0.956514 0.252176 -2.70289e-08
v 9.8 3.2 7.7744
n -0.993984 9.1381e-06 -3.07921e-05
v 10 5 9.5
n -0.993884 -7.33025e-09 -2.63765e-08
v 10 5 8.12
n -0.993984 9.1381e-06 -3.07921e-05
v 10 5 9.5
n -0.956514 0.252176 -2.70289e-08
v 9.8 3.2 7.7744
n -0.993884 -7.33025e-09 -2.63765e-08
v 9.8 3.2 8.96
n -0.813126 0.550513 -6.63977e-09
v 9.2 1.8 7.5056
n -0.957135 0.250152 0.00757967
v 9.8 3.2 8.96
n -0.956514 0.252176 -2.70289e-08
v 9.8 3.2 7.7744
n -0.957135 0.250152 0.00757967
v 9.8 3.2 8.96
n -0.813126 0.550513 -6.63977e-09
v 9.2 1.8 7.5056
n -0.956514 0.252176 -2.70289e-08
v 9.2 1.8 8.54
n -0.550513 0.813126 -1.51472e-08
v 8.2 0.799999 7.3136
n -0.815076 0.547303 0.0161149
v 9.2 1.8 8.54
n -0.813126 0.550513 -6.63977e-09
v 9.2 1.8 7.5056
n -0.815076 0.547303 0.0161149
v 9.2 1.8 8.54
n -0.550513 0.813126 -1.51472e-08
v 8.2 0.799999 7.3136
n -0.813126 0.550513 -6.63977e-09
v 8.2 0.799999 8.24
n -0.393919 0.919145 -3.38927e-08
v 6.8 0.2 7.1984
n -0.55315 0.810537 0.0230098
v 8.2 0.799999 8.24
n -0.550513 0.813126 -1.51472e-08
v 8.2 0.799999 7.3136
n -0.55315 0.810537 0.0230098
v 8.2 0.799999 8.24
n -0.393919 0.919145 -3.38927e-08
v 6.8 0.2 7.1984
n -0.550513 0.813126 -1.51472e-08
v 6.8 0.2 8.06
n 0.25378 0.955276 0.0253214
v 3.2 0.2 8.06
n 0.113897 0.985247 0.112422
v 5 -0.02 8.38
n 0.111216 0.993109 0.0261141
v 5 0 8
n 0.113897 0.985247 0.112422
v 5 -0.02 8.38
n 0.25378 0.955276 0.0253214
v 3.2 0.2 8.06
n 0.111216 0.993109 0.0261141
v 3.2 0.1784 8.4632
n 0.553051 0.810666 0.0220453
v 1.8 0.8 8.24
n 0.259217 0.94597 0.108691
v 3.2 0.1784 8.4632
n 0.25378 0.955276 0.0253214
v 3.2 0.2 8.06
n 0.259217 0.94597 0.108691
v 3.2 0.1784 8.4632
n 0.553051 0.810666 0.0220453
v 1.8 0.8 8.24
n 0.25378 0.955276 0.0253214
v 1.8 0.7736 8.7128
n 0.815004 0.547441 0.015449
v 0.8 1.8 8.54
n 0.561511 0.79792 0.0937263
v 1.8 0.7736 8.7128
n 0.553051 0.810666 0.0220453
v 1.8 0.8 8.24
n 0.561511 0.79792 0.0937263
v 1.8 0.7736 8.7128
n 0.815004 0.547441 0.015449
v 0.8 1.8 8.54
n 0.553051 0.810666 0.0220453
v 0.8 1.7656 9.1288
n 0.957115 0.250223 0.00731429
v 0.2 3.2 8.96
n 0.821133 0.534132 0.0647859
v 0.8 1.7656 9.1288
n 0.815004 0.547441 0.015449
v 0.8 1.8 8.54
n 0.821133 0.534132 0.0647859
v 0.8 1.7656 9.1288
n 0.957115 0.250223 0.00731429
v 0.2 3.2 8.96
n 0.815004 0.547441 0.015449
v 0.2 3.1544 9.7112
n 0.993982 1.41968e-05 -4.78522e-05
v 0 5 9.5
n 0.959033 0.242375 0.030313
v 0.2 3.1544 9.7112
n 0.957115 0.250223 0.00731429
v 0.2 3.2 8.96
n 0.959033 0.242375 0.030313
v 0.2 3.1544 9.7112
n 0.993982 1.41968e-05 -4.78522e-05
v 0 5 9.5
n 0.957115 0.250223 0.00731429
v 0 4.94 10.46
n 0.957159 -0.250077 -0.00786128
v 0.2 6.8 10.04
n 0.994288 6.36664e-05 -0.00016653
v 0 4.94 10.46
n 0.993982 1.41968e-05 -4.78522e-05
v 0 5 9.5
n 0.994288 6.36664e-05 -0.00016653
v 0 4.94 10.46
n 0.957159 -0.250077 -0.00786128
v 0.2 6.8 10.04
n 0.993982 1.41968e-05 -4.78522e-05
v 0.2 6.7256 11.2088
n 0.815221 -0.547044 -0.0174139
v 0.8 8.2 10.46
n 0.959173 -0.241695 -0.0322318
v 0.2 6.7256 11.2088
n 0.957159 -0.250077 -0.00786128
v 0.2 6.8 10.04
n 0.959173 -0.241695 -0.0322318
v 0.2 6.7256 11.2088
n 0.815221 -0.547044 -0.0174139
v 0.8 8.2 10.46
n 0.957159 -0.250077 -0.00786128
v 0.8 8.1144 11.7912
n 0.553445 -0.810155 -0.0260376
v 1.8 9.2 10.76
n 0.821846 -0.53207 -0.0717866
v 0.8 8.1144 11.7912
n 0.815221 -0.547044 -0.0174139
v 0.8 8.2 10.46
n 0.821846 -0.53207 -0.0717866
v 0.8 8.1144 11.7912
n 0.553445 -0.810155 -0.0260376
v 1.8 9.2 10.76
n 0.815221 -0.547044 -0.0174139
v 1.8 9.1064 12.2072
n 0.254079 -0.954844 -0.0308728
v 3.2 9.8 10.94
n 0.562844 -0.794676 -0.10821
v 1.8 9.1064 12.2072
n 0.553445 -0.810155 -0.0260376
v 1.8 9.2 10.76
n 0.562844 -0.794676 -0.10821
v 1.8 9.1064 12.2072
n 0.254079 -0.954844 -0.0308728
v 3.2 9.8 10.94
n 0.553445 -0.810155 -0.0260376
v 3.2 9.7016 12.4568
n -4.60577e-07 -0.992735 -0.0321791
v 5 10 11
n 0.260252 -0.942386 -0.129082
v 3.2 9.7016 12.4568
n 0.254079 -0.954844 -0.0308728
v 3.2 9.8 10.94
n 0.260252 -0.942386 -0.129082
v 3.2 9.7016 12.4568
n -4.60577e-07 -0.992735 -0.0321791
v 5 10 11
n 0.254079 -0.954844 -0.0308728
v 5 9.9 12.54
n -0.254084 -0.954838 -0.0309327
v 6.8 9.8 10.94
n -1.35793e-06 -0.981666 -0.134787
v 5 9.9 12.54
n -4.60577e-07 -0.992735 -0.0321791
v 5 10 11
n -1.35793e-06 -0.981666 -0.134787
v 5 9.9 12.54
n -0.254084 -0.954838 -0.0309327
v 6.8 9.8 10.94
n -4.60577e-07 -0.992735 -0.0321791
v 6.8 9.7016 12.4568
n -0.553456 -0.810139 -0.0261469
v 8.2 9.2 10.76
n -0.260266 -0.942344 -0.129296
v 6.8 9.7016 12.4568
n -0.254084 -0.954838 -0.0309327
v 6.8 9.8 10.94
n -0.260266 -0.942344 -0.129296
v 6.8 9.7016 12.4568
n -0.553456 -0.810139 -0.0261469
v 8.2 9.2 10.76
n -0.254084 -0.954838 -0.0309327
v 8.2 9.1064 12.2072
n -0.815233 -0.547015 -0.0175402
v 9.2 8.2 10.46
n -0.56288 -0.79458 -0.108596
v 8.2 9.1064 12.2072
n -0.553456 -0.810139 -0.0261469
v 8.2 9.2 10.76
n -0.56288 -0.79458 -0.108596
v 8.2 9.1064 12.2072
n -0.815233 -0.547015 -0.0175402
v 9.2 8.2 10.46
n -0.553456 -0.810139 -0.0261469
v 9.2 8.1144 11.7912
n -0.957165 -0.250052 -0.00795375
v 9.8 6.8 10.04
n -0.821886 -0.531931 -0.072227
v 9.2 8.1144 11.7912
n -0.815233 -0.547015 -0.0175402
v 9.2 8.2 10.46
n -0.821886 -0.531931 -0.072227
v 9.2 8.1144 11.7912
n -0.957165 -0.250052 -0.00795375
v 9.8 6.8 10.04
n -0.815233 -0.547015 -0.0175402
v 9.8 6.7256 11.2088
n -0.993984 9.1381e-06 -3.07921e-05
v 10 5 9.5
n -0.959191 -0.241579 -0.0325518
v 9.8 6.7256 11.2088
n -0.957165 -0.250052 -0.00795375
v 9.8 6.8 10.04
n -0.959191 -0.241579 -0.0325518
v 9.8 6.7256 11.2088
n -0.993984 9.1381e-06 -3.07921e-05
v 10 5 9.5
n -0.957165 -0.250052 -0.00795375
v 10 4.94 10.46
n -0.957135 0.250152 0.00757967
v 9.8 3.2 8.96
n -0.994295 4.05688e-05 -0.000106184
v 10 4.94 10.46
n -0.993984 9.1381e-06 -3.07921e-05
v 10 5 9.5
n -0.994295 4.05688e-05 -0.000106184
v 10 4.94 10.46
n -0.957135 0.250152 0.00757967
v 9.8 3.2 8.96
n -0.993984 9.1381e-06 -3.07921e-05
v 9.8 3.1544 9.7112
n -0.815076 0.547303 0.0161149
v 9.2 1.8 8.54
n -0.959097 0.242041 0.0312487
v 9.8 3.1544 9.7112
n -0.957135 0.250152 0.00757967
v 9.8 3.2 8.96
n -0.959097 0.242041 0.0312487
v 9.8 3.1544 9.7112
n -0.815076 0.547303 0.0161149
v 9.2 1.8 8.54
n -0.957135 0.250152 0.00757967
v 9.2 1.7656 9.1288
n -0.55315 0.810537 0.0230098
v 8.2 0.799999 8.24
n -0.821378 0.533418 0.0671823
v 9.2 1.7656 9.1288
n -0.815076 0.547303 0.0161149
v 9.2 1.8 8.54
n -0.821378 0.533418 0.0671823
v 9.2 1.7656 9.1288
n -0.55315 0.810537 0.0230098
v 8.2 0.799999 8.24
n -0.815076 0.547303 0.0161149
v 8.2 0.773599 8.7128
n -0.396435 0.917346 0.0255609
v 6.8 0.2 8.06
n -0.56186 0.797117 0.0972789
v 8.2 0.773599 8.7128
n -0.55315 0.810537 0.0230098
v 8.2 0.799999 8.24
n -0.56186 0.797117 0.0972789
v 8.2 0.773599 8.7128
n -0.396435 0.917346 0.0255609
v 6.8 0.2 8.06
n -0.55315 0.810537 0.0230098
v 6.8 0.1784 8.4632
n 0.259217 0.94597 0.108691
v 3.2 0.1784 8.4632
n 0.117689 0.960017 0.243287
v 5 -0.08 8.72
n 0.113897 0.985247 0.112422
v 5 -0.02 8.38
n 0.117689 0.960017 0.243287
v 5 -0.08 8.72
n 0.259217 0.94597 0.108691
v 3.2 0.1784 8.4632
n 0.113897 0.985247 0.112422
v 3.2 0.1136 8.8248
n 0.561511 0.79792 0.0937263
v 1.8 0.7736 8.7128
n 0.266811 0.919217 0.234353
v 3.2 0.1136 8.8248
n 0.259217 0.94597 0.108691
v 3.2 0.1784 8.4632
n 0.266811 0.919217 0.234353
v 3.2 0.1136 8.8248
n 0.561511 0.79792 0.0937263
v 1.8 0.7736 8.7128
n 0.259217 0.94597 0.108691
v 1.8 0.6944 9.1392
n 0.821133 0.534132 0.0647859
v 0.8 1.7656 9.1288
n 0.573042 0.768555 0.199733
v 1.8 0.6944 9.1392
n 0.561511 0.79792 0.0937263
v 1.8 0.7736 8.7128
n 0.573042 0.768555 0.199733
v 1.8 0.6944 9.1392
n 0.821133 0.534132 0.0647859
v 0.8 1.7656 9.1288
n 0.561511 0.79792 0.0937263
v 0.8 1.6624 9.6632
n 0.959033 0.242375 0.030313
v 0.2 3.1544 9.7112
n 0.829233 0.508142 0.135802
v 0.8 1.6624 9.6632
n 0.821133 0.534132 0.0647859
v 0.8 1.7656 9.1288
n 0.829233 0.508142 0.135802
v 0.8 1.6624 9.6632
n 0.959033 0.242375 0.030313
v 0.2 3.1544 9.7112
n 0.821133 0.534132 0.0647859
v 0.2 3.0176 10.3968
n 0.994288 6.36664e-05 -0.00016653
v 0 4.94 10.46
n 0.96149 0.228301 0.0626613
v 0.2 3.0176 10.3968
n 0.959033 0.242375 0.030313
v 0.2 3.1544 9.7112
n 0.96149 0.228301 0.0626613
v 0.2 3.0176 10.3968
n 0.994288 6.36664e-05 -0.00016653
v 0 4.94 10.46
n 0.959033 0.242375 0.030313
v 0 4.76 11.34
n 0.959173 -0.241695 -0.0322318
v 0.2 6.7256 11.2088
n 0.99467 0.000126986 -0.00026241
v 0 4.76 11.34
n 0.994288 6.36664e-05 -0.00016653
v 0 4.94 10.46
n 0.99467 0.000126986 -0.00026241
v 0 4.76 11.34
n 0.959173 -0.241695 -0.0322318
v 0.2 6.7256 11.2088
n 0.994288 6.36664e-05 -0.00016653
v 0.2 6.5024 12.2832
n 0.821846 -0.53207 -0.0717866
v 0.8 8.1144 11.7912
n 0.961672 -0.226896 -0.0657095
v 0.2 6.5024 12.2832
n 0.959173 -0.241695 -0.0322318
v 0.2 6.7256 11.2088
n 0.961672 -0.226896 -0.0657095
v 0.2 6.5024 12.2832
n 0.821846 -0.53207 -0.0717866
v 0.8 8.1144 11.7912
n 0.959173 -0.241695 -0.0322318
v 0.8 7.8576 13.0168
n 0.562844 -0.794676 -0.10821
v 1.8 9.1064 12.2072
n 0.830194 -0.503515 -0.147104
v 0.8 7.8576 13.0168
n 0.821846 -0.53207 -0.0717866
v 0.8 8.1144 11.7912
n 0.830194 -0.503515 -0.147104
v 0.8 7.8576 13.0168
n 0.562844 -0.794676 -0.10821
v 1.8 9.1064 12.2072
n 0.821846 -0.53207 -0.0717866
v 1.8 8.8256 13.5408
n 0.260252 -0.942386 -0.129082
v 3.2 9.7016 12.4568
n 0.574898 -0.760284 -0.22357
v 1.8 8.8256 13.5408
n 0.562844 -0.794676 -0.10821
v 1.8 9.1064 12.2072
n 0.574898 -0.760284 -0.22357
v 1.8 8.8256 13.5408
n 0.260252 -0.942386 -0.129082
v 3.2 9.7016 12.4568
n 0.562844 -0.794676 -0.10821
v 3.2 9.4064 13.8552
n -1.35793e-06 -0.981666 -0.134787
v 5 9.9 12.54
n 0.268287 -0.908885 -0.268357
v 3.2 9.4064 13.8552
n 0.260252 -0.942386 -0.129082
v 3.2 9.7016 12.4568
n 0.268287 -0.908885 -0.268357
v 3.2 9.4064 13.8552
n -1.35793e-06 -0.981666 -0.134787
v 5 9.9 12.54
n 0.260252 -0.942386 -0.129082
v 5 9.6 13.96
n -0.260266 -0.942344 -0.129296
v 6.8 9.7016 12.4568
n -1.78159e-06 -0.94917 -0.280743
v 5 9.6 13.96
n -1.35793e-06 -0.981666 -0.134787
v 5 9.9 12.54
n -1.78159e-06 -0.94917 -0.280743
v 5 9.6 13.96
n -0.260266 -0.942344 -0.129296
v 6.8 9.7016 12.4568
n -1.35793e-06 -0.981666 -0.134787
v 6.8 9.4064 13.8552
n -0.56288 -0.79458 -0.108596
v 8.2 9.1064 12.2072
n -0.268305 -0.908772 -0.2687
v 6.8 9.4064 13.8552
n -0.260266 -0.942344 -0.129296
v 6.8 9.7016 12.4568
n -0.268305 -0.908772 -0.2687
v 6.8 9.4064 13.8552
n -0.56288 -0.79458 -0.108596
v 8.2 9.1064 12.2072
n -0.260266 -0.942344 -0.129296
v 8.2 8.8256 13.5408
n -0.821886 -0.531931 -0.072227
v 9.2 8.1144 11.7912
n -0.574945 -0.760055 -0.224182
v 8.2 8.8256 13.5408
n -0.56288 -0.79458 -0.108596
v 8.2 9.1064 12.2072
n -0.574945 -0.760055 -0.224182
v 8.2 8.8256 13.5408
n -0.821886 -0.531931 -0.072227
v 9.2 8.1144 11.7912
n -0.56288 -0.79458 -0.108596
v 9.2 7.8576 13.0168
n -0.959191 -0.241579 -0.0325518
v 9.8 6.7256 11.2088
n -0.830245 -0.503219 -0.147796
v 9.2 7.8576 13.0168
n -0.821886 -0.531931 -0.072227
v 9.2 8.1144 11.7912
n -0.830245 -0.503219 -0.147796
v 9.2 7.8576 13.0168
n -0.959191 -0.241579 -0.0325518
v 9.8 6.7256 11.2088
n -0.821886 -0.531931 -0.072227
v 9.8 6.5024 12.2832
n -0.994295 4.05688e-05 -0.000106184
v 10 4.94 10.46
n -0.961695 -0.226663 -0.0662095
v 9.8 6.5024 12.2832
n -0.959191 -0.241579 -0.0325518
v 9.8 6.7256 11.2088
n -0.961695 -0.226663 -0.0662095
v 9.8 6.5024 12.2832
n -0.994295 4.05688e-05 -0.000106184
v 10 4.94 10.46
n -0.959191 -0.241579 -0.0325518
v 10 4.76 11.34
n -0.959097 0.242041 0.0312487
v 9.8 3.1544 9.7112
n -0.994678 8.02214e-05 -0.000165856
v 10 4.76 11.34
n -0.994295 4.05688e-05 -0.000106184
v 10 4.94 10.46
n -0.994678 8.02214e-05 -0.000165856
v 10 4.76 11.34
n -0.959097 0.242041 0.0312487
v 9.8 3.1544 9.7112
n -0.994295 4.05688e-05 -0.000106184
v 9.8 3.0176 10.3968
n -0.821378 0.533418 0.0671823
v 9.2 1.7656 9.1288
n -0.961576 0.227609 0.0641574
v 9.8 3.0176 10.3968
n -0.959097 0.242041 0.0312487
v 9.8 3.1544 9.7112
n -0.961576 0.227609 0.0641574
v 9.8 3.0176 10.3968
n -0.821378 0.533418 0.0671823
v 9.2 1.7656 9.1288
n -0.959097 0.242041 0.0312487
v 9.2 1.6624 9.6632
n -0.56186 0.797117 0.0972789
v 8.2 0.773599 8.7128
n -0.829574 0.506531 0.139724
v 9.2 1.6624 9.6632
n -0.821378 0.533418 0.0671823
v 9.2 1.7656 9.1288
n -0.829574 0.506531 0.139724
v 9.2 1.6624 9.6632
n -0.56186 0.797117 0.0972789
v 8.2 0.773599 8.7128
n -0.821378 0.533418 0.0671823
v 8.2 0.694399 9.1392
n -0.404866 0.905974 0.10881
v 6.8 0.1784 8.4632
n -0.57355 0.766493 0.205705
v 8.2 0.694399 9.1392
n -0.56186 0.797117 0.0972789
v 8.2 0.773599 8.7128
n -0.57355 0.766493 0.205705
v 8.2 0.694399 9.1392
n -0.404866 0.905974 0.10881
v 6.8 0.1784 8.4632
n -0.56186 0.797117 0.0972789
v 6.8 0.1136 8.8248
n 0.266811 0.919217 0.234353
v 3.2 0.1136 8.8248
n 0.121153 0.907846 0.392237
v 5 -0.18 9.02
n 0.117689 0.960017 0.243287
v 5 -0.08 8.72
n 0.121153 0.907846 0.392237
v 5 -0.18 9.02
n 0.266811 0.919217 0.234353
v 3.2 0.1136 8.8248
n 0.117689 0.960017 0.243287
v 3.2 0.00559999 9.1448
n 0.573042 0.768555 0.199733
v 1.8 0.6944 9.1392
n 0.273623 0.866997 0.376298
v 3.2 0.00559999 9.1448
n 0.266811 0.919217 0.234353
v 3.2 0.1136 8.8248
n 0.273623 0.866997 0.376298
v 3.2 0.00559999 9.1448
n 0.573042 0.768555 0.199733
v 1.8 0.6944 9.1392
n 0.266811 0.919217 0.234353
v 1.8 0.5624 9.5192
n 0.829233 0.508142 0.135802
v 0.8 1.6624 9.6632
n 0.583031 0.719089 0.316656
v 1.8 0.5624 9.5192
n 0.573042 0.768555 0.199733
v 1.8 0.6944 9.1392
n 0.583031 0.719089 0.316656
v 1.8 0.5624 9.5192
n 0.829233 0.508142 0.135802
v 0.8 1.6624 9.6632
n 0.573042 0.768555 0.199733
v 0.8 1.4904 10.1432
n 0.96149 0.228301 0.0626613
v 0.2 3.0176 10.3968
n 0.835945 0.470335 0.211554
v 0.8 1.4904 10.1432
n 0.829233 0.508142 0.135802
v 0.8 1.6624 9.6632
n 0.835945 0.470335 0.211554
v 0.8 1.4904 10.1432
n 0.96149 0.228301 0.0626613
v 0.2 3.0176 10.3968
n 0.829233 0.508142 0.135802
v 0.2 2.7896 11.0168
n 0.99467 0.000126986 -0.00026241
v 0 4.76 11.34
n 0.963439 0.209602 0.0961955
v 0.2 2.7896 11.0168
n 0.96149 0.228301 0.0626613
v 0.2 3.0176 10.3968
n 0.963439 0.209602 0.0961955
v 0.2 2.7896 11.0168
n 0.99467 0.000126986 -0.00026241
v 0 4.76 11.34
n 0.96149 0.228301 0.0626613
v 0 4.46 12.14
n 0.961672 -0.226896 -0.0657095
v 0.2 6.5024 12.2832
n 0.994961 0.000156003 -0.000260625
v 0 4.46 12.14
n 0.99467 0.000126986 -0.00026241
v 0 4.76 11.34
n 0.994961 0.000156003 -0.000260625
v 0 4.46 12.14
n 0.961672 -0.226896 -0.0657095
v 0.2 6.5024 12.2832
n 0.99467 0.000126986 -0.00026241
v 0.2 6.1304 13.2632
n 0.830194 -0.503515 -0.147104
v 0.8 7.8576 13.0168
n 0.96356 -0.207826 -0.0992425
v 0.2 6.1304 13.2632
n 0.961672 -0.226896 -0.0657095
v 0.2 6.5024 12.2832
n 0.96356 -0.207826 -0.0992425
v 0.2 6.1304 13.2632
n 0.830194 -0.503515 -0.147104
v 0.8 7.8576 13.0168
n 0.961672 -0.226896 -0.0657095
v 0.8 7.4296 14.1368
n 0.574898 -0.760284 -0.22357
v 1.8 8.8256 13.5408
n 0.836611 -0.464093 -0.22299
v 0.8 7.4296 14.1368
n 0.830194 -0.503515 -0.147104
v 0.8 7.8576 13.0168
n 0.836611 -0.464093 -0.22299
v 0.8 7.4296 14.1368
n 0.574898 -0.760284 -0.22357
v 1.8 8.8256 13.5408
n 0.830194 -0.503515 -0.147104
v 1.8 8.3576 14.7608
n 0.268287 -0.908885 -0.268357
v 3.2 9.4064 13.8552
n 0.584363 -0.706862 -0.341142
v 1.8 8.3576 14.7608
n 0.574898 -0.760284 -0.22357
v 1.8 8.8256 13.5408
n 0.584363 -0.706862 -0.341142
v 1.8 8.3576 14.7608
n 0.268287 -0.908885 -0.268357
v 3.2 9.4064 13.8552
n 0.574898 -0.760284 -0.22357
v 3.2 8.9144 15.1352
n -1.78159e-06 -0.94917 -0.280743
v 5 9.6 13.96
n 0.274708 -0.850529 -0.4116
v 3.2 8.9144 15.1352
n 0.268287 -0.908885 -0.268357
v 3.2 9.4064 13.8552
n 0.274708 -0.850529 -0.4116
v 3.2 8.9144 15.1352
n -1.78159e-06 -0.94917 -0.280743
v 5 9.6 13.96
n 0.268287 -0.908885 -0.268357
v 5 9.1 15.26
n -0.268305 -0.908772 -0.2687
v 6.8 9.4064 13.8552
n -1.19636e-06 -0.890075 -0.431257
v 5 9.1 15.26
n -1.78159e-06 -0.94917 -0.280743
v 5 9.6 13.96
n -1.19636e-06 -0.890075 -0.431257
v 5 9.1 15.26
n -0.268305 -0.908772 -0.2687
v 6.8 9.4064 13.8552
n -1.78159e-06 -0.94917 -0.280743
v 6.8 8.9144 15.1352
n -0.574945 -0.760055 -0.224182
v 8.2 8.8256 13.5408
n -0.27472 -0.850361 -0.411939
v 6.8 8.9144 15.1352
n -0.268305 -0.908772 -0.2687
v 6.8 9.4064 13.8552
n -0.27472 -0.850361 -0.411939
v 6.8 8.9144 15.1352
n -0.574945 -0.760055 -0.224182
v 8.2 8.8256 13.5408
n -0.268305 -0.908772 -0.2687
v 8.2 8.3576 14.7608
n -0.830245 -0.503219 -0.147796
v 9.2 7.8576 13.0168
n -0.584393 -0.706546 -0.341746
v 8.2 8.3576 14.7608
n -0.574945 -0.760055 -0.224182
v 8.2 8.8256 13.5408
n -0.584393 -0.706546 -0.341746
v 8.2 8.3576 14.7608
n -0.830245 -0.503219 -0.147796
v 9.2 7.8576 13.0168
n -0.574945 -0.760055 -0.224182
v 9.2 7.4296 14.1368
n -0.961695 -0.226663 -0.0662095
v 9.8 6.5024 12.2832
n -0.836643 -0.463712 -0.22367
v 9.2 7.4296 14.1368
n -0.830245 -0.503219 -0.147796
v 9.2 7.8576 13.0168
n -0.836643 -0.463712 -0.22367
v 9.2 7.4296 14.1368
n -0.961695 -0.226663 -0.0662095
v 9.8 6.5024 12.2832
n -0.830245 -0.503219 -0.147796
v 9.8 6.1304 13.2632
n -0.994678 8.02214e-05 -0.000165856
v 10 4.76 11.34
n -0.963575 -0.207538 -0.099733
v 9.8 6.1304 13.2632
n -0.961695 -0.226663 -0.0662095
v 9.8 6.5024 12.2832
n -0.963575 -0.207538 -0.099733
v 9.8 6.1304 13.2632
n -0.994678 8.02214e-05 -0.000165856
v 10 4.76 11.34
n -0.961695 -0.226663 -0.0662095
v 10 4.46 12.14
n -0.961576 0.227609 0.0641574
v 9.8 3.0176 10.3968
n -0.994966 9.764e-05 -0.000163203
v 10 4.46 12.14
n -0.994678 8.02214e-05 -0.000165856
v 10 4.76 11.34
n -0.994966 9.764e-05 -0.000163203
v 10 4.46 12.14
n -0.961576 0.227609 0.0641574
v 9.8 3.0176 10.3968
n -0.994678 8.02214e-05 -0.000165856
v 9.8 2.7896 11.0168
n -0.829574 0.506531 0.139724
v 9.2 1.6624 9.6632
n -0.963497 0.208722 0.0977024
v 9.8 2.7896 11.0168
n -0.961576 0.227609 0.0641574
v 9.8 3.0176 10.3968
n -0.963497 0.208722 0.0977024
v 9.8 2.7896 11.0168
n -0.829574 0.506531 0.139724
v 9.2 1.6624 9.6632
n -0.961576 0.227609 0.0641574
v 9.2 1.4904 10.1432
n -0.57355 0.766493 0.205705
v 8.2 0.694399 9.1392
n -0.836192 0.468135 0.215589
v 9.2 1.4904 10.1432
n -0.829574 0.506531 0.139724
v 9.2 1.6624 9.6632
n -0.836192 0.468135 0.215589
v 9.2 1.4904 10.1432
n -0.57355 0.766493 0.205705
v 8.2 0.694399 9.1392
n -0.829574 0.506531 0.139724
v 8.2 0.562399 9.5192
n -0.416428 0.876384 0.231987
v 6.8 0.1136 8.8248
n -0.583417 0.715974 0.322954
v 8.2 0.562399 9.5192
n -0.57355 0.766493 0.205705
v 8.2 0.694399 9.1392
n -0.583417 0.715974 0.322954
v 8.2 0.562399 9.5192
n -0.416428 0.876384 0.231987
v 6.8 0.1136 8.8248
n -0.57355 0.766493 0.205705
v 6.8 0.00560007 9.1448
n 0.273623 0.866997 0.376298
v 3.2 0.00559999 9.1448
n 0.123557 0.820881 0.549418
v 5 -0.32 9.28
n 0.121153 0.907846 0.392237
v 5 -0.18 9.02
n 0.123557 0.820881 0.549418
v 5 -0.32 9.28
n 0.273623 0.866997 0.376298
v 3.2 0.00559999 9.1448
n 0.121153 0.907846 0.392237
v 3.2 -0.1456 9.4232
n 0.583031 0.719089 0.316656
v 1.8 0.5624 9.5192
n 0.278267 0.782675 0.525204
v 3.2 -0.1456 9.4232
n 0.273623 0.866997 0.376298
v 3.2 0.00559999 9.1448
n 0.278267 0.782675 0.525204
v 3.2 -0.1456 9.4232
n 0.583031 0.719089 0.316656
v 1.8 0.5624 9.5192
n 0.273623 0.866997 0.376298
v 1.8 0.3776 9.8528
n 0.835945 0.470335 0.211554
v 0.8 1.4904 10.1432
n 0.589631 0.646074 0.437113
v 1.8 0.3776 9.8528
n 0.583031 0.719089 0.316656
v 1.8 0.5624 9.5192
n 0.589631 0.646074 0.437113
v 1.8 0.3776 9.8528
n 0.835945 0.470335 0.211554
v 0.8 1.4904 10.1432
n 0.583031 0.719089 0.316656
v 0.8 1.2496 10.5688
n 0.963439 0.209602 0.0961955
v 0.2 2.7896 11.0168
n 0.840204 0.420081 0.287649
v 0.8 1.2496 10.5688
n 0.835945 0.470335 0.211554
v 0.8 1.4904 10.1432
n 0.840204 0.420081 0.287649
v 0.8 1.2496 10.5688
n 0.963439 0.209602 0.0961955
v 0.2 2.7896 11.0168
n 0.835945 0.470335 0.211554
v 0.2 2.4704 11.5712
n 0.994961 0.000156003 -0.000260625
v 0 4.46 12.14
n 0.964628 0.18648 0.129149
v 0.2 2.4704 11.5712
n 0.963439 0.209602 0.0961955
v 0.2 2.7896 11.0168
n 0.964628 0.18648 0.129149
v 0.2 2.4704 11.5712
n 0.994961 0.000156003 -0.000260625
v 0 4.46 12.14
n 0.963439 0.209602 0.0961955
v 0 4.04 12.86
n 0.96356 -0.207826 -0.0992425
v 0.2 6.1304 13.2632
n 0.995132 0.00011618 -0.000162824
v 0 4.04 12.86
n 0.994961 0.000156003 -0.000260625
v 0 4.46 12.14
n 0.995132 0.00011618 -0.000162824
v 0 4.04 12.86
n 0.96356 -0.207826 -0.0992425
v 0.2 6.1304 13.2632
n 0.994961 0.000156003 -0.000260625
v 0.2 5.6096 14.1488
n 0.836611 -0.464093 -0.22299
v 0.8 7.4296 14.1368
n 0.964661 -0.185131 -0.131058
v 0.2 5.6096 14.1488
n 0.96356 -0.207826 -0.0992425
v 0.2 6.1304 13.2632
n 0.964661 -0.185131 -0.131058
v 0.2 5.6096 14.1488
n 0.836611 -0.464093 -0.22299
v 0.8 7.4296 14.1368
n 0.96356 -0.207826 -0.0992425
v 0.8 6.8304 15.1512
n 0.584363 -0.706862 -0.341142
v 1.8 8.3576 14.7608
n 0.840393 -0.415125 -0.294844
v 0.8 6.8304 15.1512
n 0.836611 -0.464093 -0.22299
v 0.8 7.4296 14.1368
n 0.840393 -0.415125 -0.294844
v 0.8 6.8304 15.1512
n 0.584363 -0.706862 -0.341142
v 1.8 8.3576 14.7608
n 0.836611 -0.464093 -0.22299
v 1.8 7.7024 15.8672
n 0.274708 -0.850529 -0.4116
v 3.2 8.9144 15.1352
n 0.590023 -0.635776 -0.452597
v 1.8 7.7024 15.8672
n 0.584363 -0.706862 -0.341142
v 1.8 8.3576 14.7608
n 0.590023 -0.635776 -0.452597
v 1.8 7.7024 15.8672
n 0.274708 -0.850529 -0.4116
v 3.2 8.9144 15.1352
n 0.584363 -0.706862 -0.341142
v 3.2 8.2256 16.2968
n -1.19636e-06 -0.890075 -0.431257
v 5 9.1 15.26
n 0.278596 -0.768168 -0.547609
v 3.2 8.2256 16.2968
n 0.274708 -0.850529 -0.4116
v 3.2 8.9144 15.1352
n 0.278596 -0.768168 -0.547609
v 3.2 8.2256 16.2968
n -1.19636e-06 -0.890075 -0.431257
v 5 9.1 15.26
n 0.274708 -0.850529 -0.4116
v 5 8.4 16.44
n -0.27472 -0.850361 -0.411939
v 6.8 8.9144 15.1352
n -3.84393e-07 -0.804979 -0.57421
v 5 8.4 16.44
n -1.19636e-06 -0.890075 -0.431257
v 5 9.1 15.26
n -3.84393e-07 -0.804979 -0.57421
v 5 8.4 16.44
n -0.27472 -0.850361 -0.411939
v 6.8 8.9144 15.1352
n -1.19636e-06 -0.890075 -0.431257
v 6.8 8.2256 16.2968
n -0.584393 -0.706546 -0.341746
v 8.2 8.3576 14.7608
n -0.278599 -0.768029 -0.547815
v 6.8 8.2256 16.2968
n -0.27472 -0.850361 -0.411939
v 6.8 8.9144 15.1352
n -0.278599 -0.768029 -0.547815
v 6.8 8.2256 16.2968
n -0.584393 -0.706546 -0.341746
v 8.2 8.3576 14.7608
n -0.27472 -0.850361 -0.411939
v 8.2 7.7024 15.8672
n -0.836643 -0.463712 -0.22367
v 9.2 7.4296 14.1368
n -0.590031 -0.635525 -0.452966
v 8.2 7.7024 15.8672
n -0.584393 -0.706546 -0.341746
v 8.2 8.3576 14.7608
n -0.590031 -0.635525 -0.452966
v 8.2 7.7024 15.8672
n -0.836643 -0.463712 -0.22367
v 9.2 7.4296 14.1368
n -0.584393 -0.706546 -0.341746
v 9.2 6.8304 15.1512
n -0.963575 -0.207538 -0.099733
v 9.8 6.1304 13.2632
n -0.840401 -0.414834 -0.295261
v 9.2 6.8304 15.1512
n -0.836643 -0.463712 -0.22367
v 9.2 7.4296 14.1368
n -0.840401 -0.414834 -0.295261
v 9.2 6.8304 15.1512
n -0.963575 -0.207538 -0.099733
v 9.8 6.1304 13.2632
n -0.836643 -0.463712 -0.22367
v 9.8 5.6096 14.1488
n -0.994966 9.764e-05 -0.000163203
v 10 4.46 12.14
n -0.964664 -0.184917 -0.13136
v 9.8 5.6096 14.1488
n -0.963575 -0.207538 -0.099733
v 9.8 6.1304 13.2632
n -0.964664 -0.184917 -0.13136
v 9.8 5.6096 14.1488
n -0.994966 9.764e-05 -0.000163203
v 10 4.46 12.14
n -0.963575 -0.207538 -0.099733
v 10 4.04 12.86
n -0.963497 0.208722 0.0977024
v 9.8 2.7896 11.0168
n -0.995133 7.20808e-05 -0.000101057
v 10 4.04 12.86
n -0.994966 9.764e-05 -0.000163203
v 10 4.46 12.14
n -0.995133 7.20808e-05 -0.000101057
v 10 4.04 12.86
n -0.963497 0.208722 0.0977024
v 9.8 2.7896 11.0168
n -0.994966 9.764e-05 -0.000163203
v 9.8 2.4704 11.5712
n -0.836192 0.468135 0.215589
v 9.2 1.4904 10.1432
n -0.964644 0.185808 0.1301
v 9.8 2.4704 11.5712
n -0.963497 0.208722 0.0977024
v 9.8 2.7896 11.0168
n -0.964644 0.185808 0.1301
v 9.8 2.4704 11.5712
n -0.836192 0.468135 0.215589
v 9.2 1.4904 10.1432
n -0.963497 0.208722 0.0977024
v 9.2 1.2496 10.5688
n -0.583417 0.715974 0.322954
v 8.2 0.562399 9.5192
n -0.840279 0.418309 0.290228
v 9.2 1.2496 10.5688
n -0.836192 0.468135 0.215589
v 9.2 1.4904 10.1432
n -0.840279 0.418309 0.290228
v 9.2 1.2496 10.5688
n -0.583417 0.715974 0.322954
v 8.2 0.562399 9.5192
n -0.836192 0.468135 0.215589
v 8.2 0.377599 9.8528
n -0.426481 0.822873 0.367378
v 6.8 0.00560007 9.1448
n -0.589755 0.643384 0.441196
v 8.2 0.377599 9.8528
n -0.583417 0.715974 0.322954
v 8.2 0.562399 9.5192
n -0.589755 0.643384 0.441196
v 8.2 0.377599 9.8528
n -0.426481 0.822873 0.367378
v 6.8 0.00560007 9.1448
n -0.583417 0.715974 0.322954
v 6.8 -0.1456 9.4232
n 0.278267 0.782675 0.525204
v 3.2 -0.1456 9.4232
n 0.124254 0.698144 0.698146
v 5 -0.5 9.5
n 0.123557 0.820881 0.549418
v 5 -0.32 9.28
n 0.124254 0.698144 0.698146
v 5 -0.5 9.5
n 0.278267 0.782675 0.525204
v 3.2 -0.1456 9.4232
n 0.123557 0.820881 0.549418
v 3.2 -0.34 9.66
n 0.589631 0.646074 0.437113
v 1.8 0.3776 9.8528
n 0.279608 0.665895 0.665908
v 3.2 -0.34 9.66
n 0.278267 0.782675 0.525204
v 3.2 -0.1456 9.4232
n 0.279608 0.665895 0.665908
v 3.2 -0.34 9.66
n 0.589631 0.646074 0.437113
v 1.8 0.3776 9.8528
n 0.278267 0.782675 0.525204
v 1.8 0.14 10.14
n 0.840204 0.420081 0.287649
v 0.8 1.2496 10.5688
n 0.591524 0.550389 0.550423
v 1.8 0.14 10.14
n 0.589631 0.646074 0.437113
v 1.8 0.3776 9.8528
n 0.591524 0.550389 0.550423
v 1.8 0.14 10.14
n 0.840204 0.420081 0.287649
v 0.8 1.2496 10.5688
n 0.589631 0.646074 0.437113
v 0.8 0.94 10.94
n 0.964628 0.18648 0.129149
v 0.2 2.4704 11.5712
n 0.841419 0.358667 0.358702
v 0.8 0.94 10.94
n 0.840204 0.420081 0.287649
v 0.8 1.2496 10.5688
n 0.841419 0.358667 0.358702
v 0.8 0.94 10.94
n 0.964628 0.18648 0.129149
v 0.2 2.4704 11.5712
n 0.840204 0.420081 0.287649
v 0.2 2.06 12.06
n 0.995132 0.00011618 -0.000162824
v 0 4.04 12.86
n 0.964966 0.159637 0.159653
v 0.2 2.06 12.06
n 0.964628 0.18648 0.129149
v 0.2 2.4704 11.5712
n 0.964966 0.159637 0.159653
v 0.2 2.06 12.06
n 0.995132 0.00011618 -0.000162824
v 0 4.04 12.86
n 0.964628 0.18648 0.129149
v 0 3.5 13.5
n 0.964661 -0.185131 -0.131058
v 0.2 5.6096 14.1488
n 0.995181 -4.5421e-06 -3.7705e-06
v 0 3.5 13.5
n 0.995132 0.00011618 -0.000162824
v 0 4.04 12.86
n 0.995181 -4.5421e-06 -3.7705e-06
v 0 3.5 13.5
n 0.964661 -0.185131 -0.131058
v 0.2 5.6096 14.1488
n 0.995132 0.00011618 -0.000162824
v 0.2 4.94 14.94
n 0.840393 -0.415125 -0.294844
v 0.8 6.8304 15.1512
n 0.964983 -0.159693 -0.159701
v 0.2 4.94 14.94
n 0.964661 -0.185131 -0.131058
v 0.2 5.6096 14.1488
n 0.964983 -0.159693 -0.159701
v 0.2 4.94 14.94
n 0.840393 -0.415125 -0.294844
v 0.8 6.8304 15.1512
n 0.964661 -0.185131 -0.131058
v 0.8 6.06 16.06
n 0.590023 -0.635776 -0.452597
v 1.8 7.7024 15.8672
n 0.841513 -0.358913 -0.358925
v 0.8 6.06 16.06
n 0.840393 -0.415125 -0.294844
v 0.8 6.8304 15.1512
n 0.841513 -0.358913 -0.358925
v 0.8 6.06 16.06
n 0.590023 -0.635776 -0.452597
v 1.8 7.7024 15.8672
n 0.840393 -0.415125 -0.294844
v 1.8 6.86 16.86
n 0.278596 -0.768168 -0.547609
v 3.2 8.2256 16.2968
n 0.59172 -0.551012 -0.55102
v 1.8 6.86 16.86
n 0.590023 -0.635776 -0.452597
v 1.8 7.7024 15.8672
n 0.59172 -0.551012 -0.55102
v 1.8 6.86 16.86
n 0.278596 -0.768168 -0.547609
v 3.2 8.2256 16.2968
n 0.590023 -0.635776 -0.452597
v 3.2 7.34 17.34
n -3.84393e-07 -0.804979 -0.57421
v 5 8.4 16.44
n 0.279772 -0.666896 -0.666899
v 3.2 7.34 17.34
n 0.278596 -0.768168 -0.547609
v 3.2 8.2256 16.2968
n 0.279772 -0.666896 -0.666899
v 3.2 7.34 17.34
n -3.84393e-07 -0.804979 -0.57421
v 5 8.4 16.44
n 0.278596 -0.768168 -0.547609
v 5 7.5 17.5
n -0.278599 -0.768029 -0.547815
v 6.8 8.2256 16.2968
n -2.59388e-07 -0.69929 -0.699291
v 5 7.5 17.5
n -3.84393e-07 -0.804979 -0.57421
v 5 8.4 16.44
n -2.59388e-07 -0.69929 -0.699291
v 5 7.5 17.5
n -0.278599 -0.768029 -0.547815
v 6.8 8.2256 16.2968
n -3.84393e-07 -0.804979 -0.57421
v 6.8 7.34 17.34
n -0.590031 -0.635525 -0.452966
v 8.2 7.7024 15.8672
n -0.279773 -0.666904 -0.666906
v 6.8 7.34 17.34
n -0.278599 -0.768029 -0.547815
v 6.8 8.2256 16.2968
n -0.279773 -0.666904 -0.666906
v 6.8 7.34 17.34
n -0.590031 -0.635525 -0.452966
v 8.2 7.7024 15.8672
n -0.278599 -0.768029 -0.547815
v 8.2 6.86 16.86
n -0.840401 -0.414834 -0.295261
v 9.2 6.8304 15.1512
n -0.591724 -0.551025 -0.551033
v 8.2 6.86 16.86
n -0.590031 -0.635525 -0.452966
v 8.2 7.7024 15.8672
n -0.591724 -0.551025 -0.551033
v 8.2 6.86 16.86
n -0.840401 -0.414834 -0.295261
v 9.2 6.8304 15.1512
n -0.590031 -0.635525 -0.452966
v 9.2 6.06 16.06
n -0.964664 -0.184917 -0.13136
v 9.8 5.6096 14.1488
n -0.841518 -0.358926 -0.358936
v 9.2 6.06 16.06
n -0.840401 -0.414834 -0.295261
v 9.2 6.8304 15.1512
n -0.841518 -0.358926 -0.358936
v 9.2 6.06 16.06
n -0.964664 -0.184917 -0.13136
v 9.8 5.6096 14.1488
n -0.840401 -0.414834 -0.295261
v 9.8 4.94 14.94
n -0.995133 7.20808e-05 -0.000101057
v 10 4.04 12.86
n -0.964984 -0.159702 -0.159709
v 9.8 4.94 14.94
n -0.964664 -0.184917 -0.13136
v 9.8 5.6096 14.1488
n -0.964984 -0.159702 -0.159709
v 9.8 4.94 14.94
n -0.995133 7.20808e-05 -0.000101057
v 10 4.04 12.86
n -0.964664 -0.184917 -0.13136
v 10 3.5 13.5
n -0.964644 0.185808 0.1301
v 9.8 2.4704 11.5712
n -0.995182 -2.73033e-06 -2.39431e-06
v 10 3.5 13.5
n -0.995133 7.20808e-05 -0.000101057
v 10 4.04 12.86
n -0.995182 -2.73033e-06 -2.39431e-06
v 10 3.5 13.5
n -0.964644 0.185808 0.1301
v 9.8 2.4704 11.5712
n -0.995133 7.20808e-05 -0.000101057
v 9.8 2.06 12.06
n -0.840279 0.418309 0.290228
v 9.2 1.2496 10.5688
n -0.964974 0.159665 0.159677
v 9.8 2.06 12.06
n -0.964644 0.185808 0.1301
v 9.8 2.4704 11.5712
n -0.964974 0.159665 0.159677
v 9.8 2.06 12.06
n -0.840279 0.418309 0.290228
v 9.2 1.2496 10.5688
n -0.964644 0.185808 0.1301
v 9.2 0.94 10.94
n -0.589755 0.643384 0.441196
v 8.2 0.377599 9.8528
n -0.841456 0.358758 0.358783
v 9.2 0.94 10.94
n -0.840279 0.418309 0.290228
v 9.2 1.2496 10.5688
n -0.841456 0.358758 0.358783
v 9.2 0.94 10.94
n -0.589755 0.643384 0.441196
v 8.2 0.377599 9.8528
n -0.840279 0.418309 0.290228
v 8.2 0.14 10.14
n -0.433108 0.741521 0.505574
v 6.8 -0.1456 9.4232
n -0.591584 0.550562 0.550587
v 8.2 0.14 10.14
n -0.589755 0.643384 0.441196
v 8.2 0.377599 9.8528
n -0.591584 0.550562 0.550587
v 8.2 0.14 10.14
n -0.433108 0.741521 0.505574
v 6.8 -0.1456 9.4232
n -0.589755 0.643384 0.441196
v 6.8 -0.34 9.66
n 0.279608 0.665895 0.665908
v 3.2 -0.34 9.66
n 0.123111 0.549447 0.820928
v 5 -0.72 9.68
n 0.124254 0.698144 0.698146
v 5 -0.5 9.5
n 0.123111 0.549447 0.820928
v 5 -0.72 9.68
n 0.279608 0.665895 0.665908
v 3.2 -0.34 9.66
n 0.124254 0.698144 0.698146
v 3.2 -0.5768 9.8544
n 0.591524 0.550389 0.550423
v 1.8 0.14 10.14
n 0.277442 0.525369 0.782942
v 3.2 -0.5768 9.8544
n 0.279608 0.665895 0.665908
v 3.2 -0.34 9.66
n 0.277442 0.525369 0.782942
v 3.2 -0.5768 9.8544
n 0.591524 0.550389 0.550423
v 1.8 0.14 10.14
n 0.279608 0.665895 0.665908
v 1.8 -0.1472 10.3776
n 0.841419 0.358667 0.358702
v 0.8 0.94 10.94
n 0.588558 0.437543 0.646761
v 1.8 -0.1472 10.3776
n 0.591524 0.550389 0.550423
v 1.8 0.14 10.14
n 0.588558 0.437543 0.646761
v 1.8 -0.1472 10.3776
n 0.841419 0.358667 0.358702
v 0.8 0.94 10.94
n 0.591524 0.550389 0.550423
v 0.8 0.5688 11.2496
n 0.964966 0.159637 0.159653
v 0.2 2.06 12.06
n 0.839602 0.288113 0.420813
v 0.8 0.5688 11.2496
n 0.841419 0.358667 0.358702
v 0.8 0.94 10.94
n 0.839602 0.288113 0.420813
v 0.8 0.5688 11.2496
n 0.964966 0.159637 0.159653
v 0.2 2.06 12.06
n 0.841419 0.358667 0.358702
v 0.2 1.5712 12.4704
n 0.995181 -4.5421e-06 -3.7705e-06
v 0 3.5 13.5
n 0.964487 0.129378 0.186838
v 0.2 1.5712 12.4704
n 0.964966 0.159637 0.159653
v 0.2 2.06 12.06
n 0.964487 0.129378 0.186838
v 0.2 1.5712 12.4704
n 0.995181 -4.5421e-06 -3.7705e-06
v 0 3.5 13.5
n 0.964966 0.159637 0.159653
v 0 2.86 14.04
n 0.964983 -0.159693 -0.159701
v 0.2 4.94 14.94
n 0.995117 -0.000152619 0.000132474
v 0 2.86 14.04
n 0.995181 -4.5421e-06 -3.7705e-06
v 0 3.5 13.5
n 0.995117 -0.000152619 0.000132474
v 0 2.86 14.04
n 0.964983 -0.159693 -0.159701
v 0.2 4.94 14.94
n 0.995181 -4.5421e-06 -3.7705e-06
v 0.2 4.1488 15.6096
n 0.841513 -0.358913 -0.358925
v 0.8 6.06 16.06
n 0.964592 -0.131181 -0.185319
v 0.2 4.1488 15.6096
n 0.964983 -0.159693 -0.159701
v 0.2 4.94 14.94
n 0.964592 -0.131181 -0.185319
v 0.2 4.1488 15.6096
n 0.841513 -0.358913 -0.358925
v 0.8 6.06 16.06
n 0.964983 -0.159693 -0.159701
v 0.8 5.1512 16.8304
n 0.59172 -0.551012 -0.55102
v 1.8 6.86 16.86
n 0.840181 -0.295025 -0.4154
v 0.8 5.1512 16.8304
n 0.841513 -0.358913 -0.358925
v 0.8 6.06 16.06
n 0.840181 -0.295025 -0.4154
v 0.8 5.1512 16.8304
n 0.59172 -0.551012 -0.55102
v 1.8 6.86 16.86
n 0.841513 -0.358913 -0.358925
v 1.8 5.8672 17.7024
n 0.279772 -0.666896 -0.666899
v 3.2 7.34 17.34
n 0.589727 -0.452728 -0.635975
v 1.8 5.8672 17.7024
n 0.59172 -0.551012 -0.55102
v 1.8 6.86 16.86
n 0.589727 -0.452728 -0.635975
v 1.8 5.8672 17.7024
n 0.279772 -0.666896 -0.666899
v 3.2 7.34 17.34
n 0.59172 -0.551012 -0.55102
v 3.2 6.2968 18.2256
n -2.59388e-07 -0.69929 -0.699291
v 5 7.5 17.5
n 0.278402 -0.54765 -0.768231
v 3.2 6.2968 18.2256
n 0.279772 -0.666896 -0.666899
v 3.2 7.34 17.34
n 0.278402 -0.54765 -0.768231
v 3.2 6.2968 18.2256
n -2.59388e-07 -0.69929 -0.699291
v 5 7.5 17.5
n 0.279772 -0.666896 -0.666899
v 5 6.44 18.4
n -0.279773 -0.666904 -0.666906
v 6.8 7.34 17.34
n -1.13035e-06 -0.574216 -0.804989
v 5 6.44 18.4
n -2.59388e-07 -0.69929 -0.699291
v 5 7.5 17.5
n -1.13035e-06 -0.574216 -0.804989
v 5 6.44 18.4
n -0.279773 -0.666904 -0.666906
v 6.8 7.34 17.34
n -2.59388e-07 -0.69929 -0.699291
v 6.8 6.2968 18.2256
n -0.591724 -0.551025 -0.551033
v 8.2 6.86 16.86
n -0.278413 -0.547855 -0.76809
v 6.8 6.2968 18.2256
n -0.279773 -0.666904 -0.666906
v 6.8 7.34 17.34
n -0.278413 -0.547855 -0.76809
v 6.8 6.2968 18.2256
n -0.591724 -0.551025 -0.551033
v 8.2 6.86 16.86
n -0.279773 -0.666904 -0.666906
v 8.2 5.8672 17.7024
n -0.841518 -0.358926 -0.358936
v 9.2 6.06 16.06
n -0.589754 -0.453088 -0.635708
v 8.2 5.8672 17.7024
n -0.591724 -0.551025 -0.551033
v 8.2 6.86 16.86
n -0.589754 -0.453088 -0.635708
v 8.2 5.8672 17.7024
n -0.841518 -0.358926 -0.358936
v 9.2 6.06 16.06
n -0.591724 -0.551025 -0.551033
v 9.2 5.1512 16.8304
n -0.964984 -0.159702 -0.159709
v 9.8 4.94 14.94
n -0.840209 -0.295423 -0.41508
v 9.2 5.1512 16.8304
n -0.841518 -0.358926 -0.358936
v 9.2 6.06 16.06
n -0.840209 -0.295423 -0.41508
v 9.2 5.1512 16.8304
n -0.964984 -0.159702 -0.159709
v 9.8 4.94 14.94
n -0.841518 -0.358926 -0.358936
v 9.8 4.1488 15.6096
n -0.995182 -2.73033e-06 -2.39431e-06
v 10 3.5 13.5
n -0.964605 -0.131466 -0.185077
v 9.8 4.1488 15.6096
n -0.964984 -0.159702 -0.159709
v 9.8 4.94 14.94
n -0.964605 -0.131466 -0.185077
v 9.8 4.1488 15.6096
n -0.995182 -2.73033e-06 -2.39431e-06
v 10 3.5 13.5
n -0.964984 -0.159702 -0.159709
v 10 2.86 14.04
n -0.964974 0.159665 0.159677
v 9.8 2.06 12.06
n -0.995122 -9.45953e-05 8.20646e-05
v 10 2.86 14.04
n -0.995182 -2.73033e-06 -2.39431e-06
v 10 3.5 13.5
n -0.995122 -9.45953e-05 8.20646e-05
v 10 2.86 14.04
n -0.964974 0.159665 0.159677
v 9.8 2.06 12.06
n -0.995182 -2.73033e-06 -2.39431e-06
v 9.8 1.5712 12.4704
n -0.841456 0.358758 0.358783
v 9.2 0.94 10.94
n -0.964537 0.130276 0.186079
v 9.8 1.5712 12.4704
n -0.964974 0.159665 0.159677
v 9.8 2.06 12.06
n -0.964537 0.130276 0.186079
v 9.8 1.5712 12.4704
n -0.841456 0.358758 0.358783
v 9.2 0.94 10.94
n -0.964974 0.159665 0.159677
v 9.2 0.5688 11.2496
n -0.591584 0.550562 0.550587
v 8.2 0.14 10.14
n -0.839814 0.290589 0.418871
v 9.2 0.5688 11.2496
n -0.841456 0.358758 0.358783
v 9.2 0.94 10.94
n -0.839814 0.290589 0.418871
v 9.2 0.5688 11.2496
n -0.591584 0.550562 0.550587
v 8.2 0.14 10.14
n -0.841456 0.358758 0.358783
v 8.2 -0.1472 10.3776
n -0.435024 0.633858 0.633877
v 6.8 -0.34 9.66
n -0.588892 0.441542 0.643927
v 8.2 -0.1472 10.3776
n -0.591584 0.550562 0.550587
v 8.2 0.14 10.14
n -0.588892 0.441542 0.643927
v 8.2 -0.1472 10.3776
n -0.435024 0.633858 0.633877
v 6.8 -0.34 9.66
n -0.591584 0.550562 0.550587
v 6.8 -0.5768 9.8544
n 0.277442 0.525369 0.782942
v 3.2 -0.5768 9.8544
n 0.1205 0.392268 0.907919
v 5 -0.98 9.82
n 0.123111 0.549447 0.820928
v 5 -0.72 9.68
n 0.1205 0.392268 0.907919
v 5 -0.98 9.82
n 0.277442 0.525369 0.782942
v 3.2 -0.5768 9.8544
n 0.123111 0.549447 0.820928
v 3.2 -0.8552 10.0056
n 0.588558 0.437543 0.646761
v 1.8 -0.1472 10.3776
n 0.272404 0.376478 0.867417
v 3.2 -0.8552 10.0056
n 0.277442 0.525369 0.782942
v 3.2 -0.5768 9.8544
n 0.272404 0.376478 0.867417
v 3.2 -0.8552 10.0056
n 0.588558 0.437543 0.646761
v 1.8 -0.1472 10.3776
n 0.277442 0.525369 0.782942
v 1.8 -0.4808 10.5624
n 0.839602 0.288113 0.420813
v 0.8 0.5688 11.2496
n 0.581422 0.317136 0.72019
v 1.8 -0.4808 10.5624
n 0.588558 0.437543 0.646761
v 1.8 -0.1472 10.3776
n 0.581422 0.317136 0.72019
v 1.8 -0.4808 10.5624
n 0.839602 0.288113 0.420813
v 0.8 0.5688 11.2496
n 0.588558 0.437543 0.646761
v 0.8 0.1432 11.4904
n 0.964487 0.129378 0.186838
v 0.2 1.5712 12.4704
n 0.835022 0.212085 0.471533
v 0.8 0.1432 11.4904
n 0.839602 0.288113 0.420813
v 0.8 0.5688 11.2496
n 0.835022 0.212085 0.471533
v 0.8 0.1432 11.4904
n 0.964487 0.129378 0.186838
v 0.2 1.5712 12.4704
n 0.839602 0.288113 0.420813
v 0.2 1.0168 12.7896
n 0.995117 -0.000152619 0.000132474
v 0 2.86 14.04
n 0.96322 0.0964641 0.210198
v 0.2 1.0168 12.7896
n 0.964487 0.129378 0.186838
v 0.2 1.5712 12.4704
n 0.96322 0.0964641 0.210198
v 0.2 1.0168 12.7896
n 0.995117 -0.000152619 0.000132474
v 0 2.86 14.04
n 0.964487 0.129378 0.186838
v 0 2.14 14.46
n 0.964592 -0.131181 -0.185319
v 0.2 4.1488 15.6096
n 0.994938 -0.000248901 0.000182972
v 0 2.14 14.46
n 0.995117 -0.000152619 0.000132474
v 0 2.86 14.04
n 0.994938 -0.000248901 0.000182972
v 0 2.14 14.46
n 0.964592 -0.131181 -0.185319
v 0.2 4.1488 15.6096
n 0.995117 -0.000152619 0.000132474
v 0.2 3.2632 16.1304
n 0.840181 -0.295025 -0.4154
v 0.8 5.1512 16.8304
n 0.963452 -0.099391 -0.208143
v 0.2 3.2632 16.1304
n 0.964592 -0.131181 -0.185319
v 0.2 4.1488 15.6096
n 0.963452 -0.099391 -0.208143
v 0.2 3.2632 16.1304
n 0.840181 -0.295025 -0.4154
v 0.8 5.1512 16.8304
n 0.964592 -0.131181 -0.185319
v 0.8 4.1368 17.4296
n 0.589727 -0.452728 -0.635975
v 1.8 5.8672 17.7024
n 0.836278 -0.223208 -0.464555
v 0.8 4.1368 17.4296
n 0.840181 -0.295025 -0.4154
v 0.8 5.1512 16.8304
n 0.836278 -0.223208 -0.464555
v 0.8 4.1368 17.4296
n 0.589727 -0.452728 -0.635975
v 1.8 5.8672 17.7024
n 0.840181 -0.295025 -0.4154
v 1.8 4.7608 18.3576
n 0.278402 -0.54765 -0.768231
v 3.2 6.2968 18.2256
n 0.583903 -0.341298 -0.707191
v 1.8 4.7608 18.3576
n 0.589727 -0.452728 -0.635975
v 1.8 5.8672 17.7024
n 0.583903 -0.341298 -0.707191
v 1.8 4.7608 18.3576
n 0.278402 -0.54765 -0.768231
v 3.2 6.2968 18.2256
n 0.589727 -0.452728 -0.635975
v 3.2 5.1352 18.9144
n -1.13035e-06 -0.574216 -0.804989
v 5 6.44 18.4
n 0.274409 -0.411649 -0.850632
v 3.2 5.1352 18.9144
n 0.278402 -0.54765 -0.768231
v 3.2 6.2968 18.2256
n 0.274409 -0.411649 -0.850632
v 3.2 5.1352 18.9144
n -1.13035e-06 -0.574216 -0.804989
v 5 6.44 18.4
n 0.278402 -0.54765 -0.768231
v 5 5.26 19.1
n -0.278413 -0.547855 -0.76809
v 6.8 6.2968 18.2256
n -2.38147e-06 -0.431264 -0.890092
v 5 5.26 19.1
n -1.13035e-06 -0.574216 -0.804989
v 5 6.44 18.4
n -2.38147e-06 -0.431264 -0.890092
v 5 5.26 19.1
n -0.278413 -0.547855 -0.76809
v 6.8 6.2968 18.2256
n -1.13035e-06 -0.574216 -0.804989
v 6.8 5.1352 18.9144
n -0.589754 -0.453088 -0.635708
v 8.2 5.8672 17.7024
n -0.274433 -0.411986 -0.85046
v 6.8 5.1352 18.9144
n -0.278413 -0.547855 -0.76809
v 6.8 6.2968 18.2256
n -0.274433 -0.411986 -0.85046
v 6.8 5.1352 18.9144
n -0.589754 -0.453088 -0.635708
v 8.2 5.8672 17.7024
n -0.278413 -0.547855 -0.76809
v 8.2 4.7608 18.3576
n -0.840209 -0.295423 -0.41508
v 9.2 5.1512 16.8304
n -0.583963 -0.341891 -0.70685
v 8.2 4.7608 18.3576
n -0.589754 -0.453088 -0.635708
v 8.2 5.8672 17.7024
n -0.583963 -0.341891 -0.70685
v 8.2 4.7608 18.3576
n -0.840209 -0.295423 -0.41508
v 9.2 5.1512 16.8304
n -0.589754 -0.453088 -0.635708
v 9.2 4.1368 17.4296
n -0.964605 -0.131466 -0.185077
v 9.8 4.1488 15.6096
n -0.836342 -0.223865 -0.464125
v 9.2 4.1368 17.4296
n -0.840209 -0.295423 -0.41508
v 9.2 5.1512 16.8304
n -0.836342 -0.223865 -0.464125
v 9.2 4.1368 17.4296
n -0.964605 -0.131466 -0.185077
v 9.8 4.1488 15.6096
n -0.840209 -0.295423 -0.41508
v 9.8 3.2632 16.1304
n -0.995122 -9.45953e-05 8.20646e-05
v 10 2.86 14.04
n -0.963481 -0.0998608 -0.207809
v 9.8 3.2632 16.1304
n -0.964605 -0.131466 -0.185077
v 9.8 4.1488 15.6096
n -0.963481 -0.0998608 -0.207809
v 9.8 3.2632 16.1304
n -0.995122 -9.45953e-05 8.20646e-05
v 10 2.86 14.04
n -0.964605 -0.131466 -0.185077
v 10 2.14 14.46
n -0.964537 0.130276 0.186079
v 9.8 1.5712 12.4704
n -0.994948 -0.000155689 0.000114389
v 10 2.14 14.46
n -0.995122 -9.45953e-05 8.20646e-05
v 10 2.86 14.04
n -0.994948 -0.000155689 0.000114389
v 10 2.14 14.46
n -0.964537 0.130276 0.186079
v 9.8 1.5712 12.4704
n -0.995122 -9.45953e-05 8.20646e-05
v 9.8 1.0168 12.7896
n -0.839814 0.290589 0.418871
v 9.2 0.5688 11.2496
n -0.963329 0.0979119 0.209178
v 9.8 1.0168 12.7896
n -0.964537 0.130276 0.186079
v 9.8 1.5712 12.4704
n -0.963329 0.0979119 0.209178
v 9.8 1.0168 12.7896
n -0.839814 0.290589 0.418871
v 9.2 0.5688 11.2496
n -0.964537 0.130276 0.186079
v 9.2 0.143199 11.4904
n -0.588892 0.441542 0.643927
v 8.2 -0.1472 10.3776
n -0.835473 0.216009 0.469062
v 9.2 0.143199 11.4904
n -0.839814 0.290589 0.418871
v 9.2 0.5688 11.2496
n -0.835473 0.216009 0.469062
v 9.2 0.143199 11.4904
n -0.588892 0.441542 0.643927
v 8.2 -0.1472 10.3776
n -0.839814 0.290589 0.418871
v 8.2 -0.4808 10.5624
n -0.432111 0.505827 0.741923
v 6.8 -0.5768 9.8544
n -0.582111 0.323347 0.716854
v 8.2 -0.4808 10.5624
n -0.588892 0.441542 0.643927
v 8.2 -0.1472 10.3776
n -0.582111 0.323347 0.716854
v 8.2 -0.4808 10.5624
n -0.432111 0.505827 0.741923
v 6.8 -0.5768 9.8544
n -0.588892 0.441542 0.643927
v 6.8 -0.8552 10.0056
n 0.272404 0.376478 0.867417
v 3.2 -0.8552 10.0056
n 0.11708 0.243306 0.960087
v 5 -1.28 9.92
n 0.1205 0.392268 0.907919
v 5 -0.98 9.82
n 0.11708 0.243306 0.960087
v 5 -1.28 9.92
n 0.272404 0.376478 0.867417
v 3.2 -0.8552 10.0056
n 0.1205 0.392268 0.907919
v 3.2 -1.1752 10.1136
n 0.581422 0.317136 0.72019
v 1.8 -0.4808 10.5624
n 0.265661 0.234462 0.919624
v 3.2 -1.1752 10.1136
n 0.272404 0.376478 0.867417
v 3.2 -0.8552 10.0056
n 0.265661 0.234462 0.919624
v 3.2 -1.1752 10.1136
n 0.581422 0.317136 0.72019
v 1.8 -0.4808 10.5624
n 0.272404 0.376478 0.867417
v 1.8 -0.8608 10.6944
n 0.835022 0.212085 0.471533
v 0.8 0.1432 11.4904
n 0.571491 0.200032 0.769652
v 1.8 -0.8608 10.6944
n 0.581422 0.317136 0.72019
v 1.8 -0.4808 10.5624
n 0.571491 0.200032 0.769652
v 1.8 -0.8608 10.6944
n 0.835022 0.212085 0.471533
v 0.8 0.1432 11.4904
n 0.581422 0.317136 0.72019
v 0.8 -0.3368 11.6624
n 0.96322 0.0964641 0.210198
v 0.2 1.0168 12.7896
n 0.828317 0.136143 0.50937
v 0.8 -0.3368 11.6624
n 0.835022 0.212085 0.471533
v 0.8 0.1432 11.4904
n 0.828317 0.136143 0.50937
v 0.8 -0.3368 11.6624
n 0.96322 0.0964641 0.210198
v 0.2 1.0168 12.7896
n 0.835022 0.212085 0.471533
v 0.2 0.3968 13.0176
n 0.994938 -0.000248901 0.000182972
v 0 2.14 14.46
n 0.961267 0.0628389 0.228928
v 0.2 0.3968 13.0176
n 0.96322 0.0964641 0.210198
v 0.2 1.0168 12.7896
n 0.961267 0.0628389 0.228928
v 0.2 0.3968 13.0176
n 0.994938 -0.000248901 0.000182972
v 0 2.14 14.46
n 0.96322 0.0964641 0.210198
v 0 1.34 14.76
n 0.963452 -0.099391 -0.208143
v 0.2 3.2632 16.1304
n 0.994646 -0.000254838 0.000155144
v 0 1.34 14.76
n 0.994938 -0.000248901 0.000182972
v 0 2.14 14.46
n 0.994646 -0.000254838 0.000155144
v 0 1.34 14.76
n 0.963452 -0.099391 -0.208143
v 0.2 3.2632 16.1304
n 0.994938 -0.000248901 0.000182972
v 0.2 2.2832 16.5024
n 0.836278 -0.223208 -0.464555
v 0.8 4.1368 17.4296
n 0.96156 -0.0658107 -0.227236
v 0.2 2.2832 16.5024
n 0.963452 -0.099391 -0.208143
v 0.2 3.2632 16.1304
n 0.96156 -0.0658107 -0.227236
v 0.2 2.2832 16.5024
n 0.836278 -0.223208 -0.464555
v 0.8 4.1368 17.4296
n 0.963452 -0.099391 -0.208143
v 0.8 3.0168 17.8576
n 0.583903 -0.341298 -0.707191
v 1.8 4.7608 18.3576
n 0.829854 -0.147251 -0.504004
v 0.8 3.0168 17.8576
n 0.836278 -0.223208 -0.464555
v 0.8 4.1368 17.4296
n 0.829854 -0.147251 -0.504004
v 0.8 3.0168 17.8576
n 0.583903 -0.341298 -0.707191
v 1.8 4.7608 18.3576
n 0.836278 -0.223208 -0.464555
v 1.8 3.5408 18.8256
n 0.274409 -0.411649 -0.850632
v 3.2 5.1352 18.9144
n 0.574439 -0.223673 -0.760625
v 1.8 3.5408 18.8256
n 0.583903 -0.341298 -0.707191
v 1.8 4.7608 18.3576
n 0.574439 -0.223673 -0.760625
v 1.8 3.5408 18.8256
n 0.274409 -0.411649 -0.850632
v 3.2 5.1352 18.9144
n 0.583903 -0.341298 -0.707191
v 3.2 3.8552 19.4064
n -2.38147e-06 -0.431264 -0.890092
v 5 5.26 19.1
n 0.267994 -0.26839 -0.90899
v 3.2 3.8552 19.4064
n 0.274409 -0.411649 -0.850632
v 3.2 5.1352 18.9144
n 0.267994 -0.26839 -0.90899
v 3.2 3.8552 19.4064
n -2.38147e-06 -0.431264 -0.890092
v 5 5.26 19.1
n 0.274409 -0.411649 -0.850632
v 5 3.96 19.6
n -0.274433 -0.411986 -0.85046
v 6.8 5.1352 18.9144
n -2.93042e-06 -0.280748 -0.949186
v 5 3.96 19.6
n -2.38147e-06 -0.431264 -0.890092
v 5 5.26 19.1
n -2.93042e-06 -0.280748 -0.949186
v 5 3.96 19.6
n -0.274433 -0.411986 -0.85046
v 6.8 5.1352 18.9144
n -2.38147e-06 -0.431264 -0.890092
v 6.8 3.8552 19.4064
n -0.583963 -0.341891 -0.70685
v 8.2 4.7608 18.3576
n -0.268023 -0.268731 -0.908873
v 6.8 3.8552 19.4064
n -0.274433 -0.411986 -0.85046
v 6.8 5.1352 18.9144
n -0.268023 -0.268731 -0.908873
v 6.8 3.8552 19.4064
n -0.583963 -0.341891 -0.70685
v 8.2 4.7608 18.3576
n -0.274433 -0.411986 -0.85046
v 8.2 3.5408 18.8256
n -0.836342 -0.223865 -0.464125
v 9.2 4.1368 17.4296
n -0.574515 -0.224279 -0.760372
v 8.2 3.5408 18.8256
n -0.583963 -0.341891 -0.70685
v 8.2 4.7608 18.3576
n -0.574515 -0.224279 -0.760372
v 8.2 3.5408 18.8256
n -0.836342 -0.223865 -0.464125
v 9.2 4.1368 17.4296
n -0.583963 -0.341891 -0.70685
v 9.2 3.0168 17.8576
n -0.963481 -0.0998608 -0.207809
v 9.8 3.2632 16.1304
n -0.829937 -0.147928 -0.503656
v 9.2 3.0168 17.8576
n -0.836342 -0.223865 -0.464125
v 9.2 4.1368 17.4296
n -0.829937 -0.147928 -0.503656
v 9.2 3.0168 17.8576
n -0.963481 -0.0998608 -0.207809
v 9.8 3.2632 16.1304
n -0.836342 -0.223865 -0.464125
v 9.8 2.2832 16.5024
n -0.994948 -0.000155689 0.000114389
v 10 2.14 14.46
n -0.961598 -0.0662971 -0.226954
v 9.8 2.2832 16.5024
n -0.963481 -0.0998608 -0.207809
v 9.8 3.2632 16.1304
n -0.961598 -0.0662971 -0.226954
v 9.8 2.2832 16.5024
n -0.994948 -0.000155689 0.000114389
v 10 2.14 14.46
n -0.963481 -0.0998608 -0.207809
v 10 1.34 14.76
n -0.963329 0.0979119 0.209178
v 9.8 1.0168 12.7896
n -0.994659 -0.000161005 9.79609e-05
v 10 1.34 14.76
n -0.994948 -0.000155689 0.000114389
v 10 2.14 14.46
n -0.994659 -0.000161005 9.79609e-05
v 10 1.34 14.76
n -0.963329 0.0979119 0.209178
v 9.8 1.0168 12.7896
n -0.994948 -0.000155689 0.000114389
v 9.8 0.396799 13.0176
n -0.835473 0.216009 0.469062
v 9.2 0.143199 11.4904
n -0.961403 0.0642978 0.228093
v 9.8 0.396799 13.0176
n -0.963329 0.0979119 0.209178
v 9.8 1.0168 12.7896
n -0.961403 0.0642978 0.228093
v 9.8 0.396799 13.0176
n -0.835473 0.216009 0.469062
v 9.2 0.143199 11.4904
n -0.963329 0.0979119 0.209178
v 9.2 -0.336801 11.6624
n -0.582111 0.323347 0.716854
v 8.2 -0.4808 10.5624
n -0.828854 0.139998 0.507492
v 9.2 -0.336801 11.6624
n -0.835473 0.216009 0.469062
v 9.2 0.143199 11.4904
n -0.828854 0.139998 0.507492
v 9.2 -0.336801 11.6624
n -0.582111 0.323347 0.716854
v 8.2 -0.4808 10.5624
n -0.835473 0.216009 0.469062
v 8.2 -0.860801 10.6944
n -0.424992 0.36766 0.823511
v 6.8 -0.8552 10.0056
n -0.57228 0.205954 0.767379
v 8.2 -0.860801 10.6944
n -0.582111 0.323347 0.716854
v 8.2 -0.4808 10.5624
n -0.57228 0.205954 0.767379
v 8.2 -0.860801 10.6944
n -0.424992 0.36766 0.823511
v 6.8 -0.8552 10.0056
n -0.582111 0.323347 0.716854
v 6.8 -1.1752 10.1136
n 0.265661 0.234462 0.919624
v 3.2 -1.1752 10.1136
n 0.113529 0.112429 0.985289
v 5 -1.62 9.98
n 0.11708 0.243306 0.960087
v 5 -1.28 9.92
n 0.113529 0.112429 0.985289
v 5 -1.62 9.98
n 0.265661 0.234462 0.919624
v 3.2 -1.1752 10.1136
n 0.11708 0.243306 0.960087
v 3.2 -1.5368 10.1784
n 0.571491 0.200032 0.769652
v 1.8 -0.8608 10.6944
n 0.258514 0.108727 0.946219
v 3.2 -1.5368 10.1784
n 0.265661 0.234462 0.919624
v 3.2 -1.1752 10.1136
n 0.258514 0.108727 0.946219
v 3.2 -1.5368 10.1784
n 0.571491 0.200032 0.769652
v 1.8 -0.8608 10.6944
n 0.265661 0.234462 0.919624
v 1.8 -1.2872 10.7736
n 0.828317 0.136143 0.50937
v 0.8 -0.3368 11.6624
n 0.560542 0.0938279 0.79861
v 1.8 -1.2872 10.7736
n 0.571491 0.200032 0.769652
v 1.8 -0.8608 10.6944
n 0.560542 0.0938279 0.79861
v 1.8 -1.2872 10.7736
n 0.828317 0.136143 0.50937
v 0.8 -0.3368 11.6624
n 0.571491 0.200032 0.769652
v 0.8 -0.8712 11.7656
n 0.961267 0.0628389 0.228928
v 0.2 0.3968 13.0176
n 0.820545 0.0649053 0.534926
v 0.8 -0.8712 11.7656
n 0.828317 0.136143 0.50937
v 0.8 -0.3368 11.6624
n 0.820545 0.0649053 0.534926
v 0.8 -0.8712 11.7656
n 0.961267 0.0628389 0.228928
v 0.2 0.3968 13.0176
n 0.828317 0.136143 0.50937
v 0.2 -0.2888 13.1544
n 0.994646 -0.000254838 0.000155144
v 0 1.34 14.76
n 0.958885 0.030377 0.242791
v 0.2 -0.2888 13.1544
n 0.961267 0.0628389 0.228928
v 0.2 0.3968 13.0176
n 0.958885 0.030377 0.242791
v 0.2 -0.2888 13.1544
n 0.994646 -0.000254838 0.000155144
v 0 1.34 14.76
n 0.961267 0.0628389 0.228928
v 0 0.46 14.94
n 0.96156 -0.0658107 -0.227236
v 0.2 2.2832 16.5024
n 0.994272 -0.000163859 8.22e-05
v 0 0.46 14.94
n 0.994646 -0.000254838 0.000155144
v 0 1.34 14.76
n 0.994272 -0.000163859 8.22e-05
v 0 0.46 14.94
n 0.96156 -0.0658107 -0.227236
v 0.2 2.2832 16.5024
n 0.994646 -0.000254838 0.000155144
v 0.2 1.2088 16.7256
n 0.829854 -0.147251 -0.504004
v 0.8 3.0168 17.8576
n 0.959097 -0.0322692 -0.241924
v 0.2 1.2088 16.7256
n 0.96156 -0.0658107 -0.227236
v 0.2 2.2832 16.5024
n 0.959097 -0.0322692 -0.241924
v 0.2 1.2088 16.7256
n 0.829854 -0.147251 -0.504004
v 0.8 3.0168 17.8576
n 0.96156 -0.0658107 -0.227236
v 0.8 1.7912 18.1144
n 0.574439 -0.223673 -0.760625
v 1.8 3.5408 18.8256
n 0.821622 -0.0718403 -0.532394
v 0.8 1.7912 18.1144
n 0.829854 -0.147251 -0.504004
v 0.8 3.0168 17.8576
n 0.821622 -0.0718403 -0.532394
v 0.8 1.7912 18.1144
n 0.574439 -0.223673 -0.760625
v 1.8 3.5408 18.8256
n 0.829854 -0.147251 -0.504004
v 1.8 2.2072 19.1064
n 0.267994 -0.26839 -0.90899
v 3.2 3.8552 19.4064
n 0.562547 -0.108248 -0.794898
v 1.8 2.2072 19.1064
n 0.574439 -0.223673 -0.760625
v 1.8 3.5408 18.8256
n 0.562547 -0.108248 -0.794898
v 1.8 2.2072 19.1064
n 0.267994 -0.26839 -0.90899
v 3.2 3.8552 19.4064
n 0.574439 -0.223673 -0.760625
v 3.2 2.4568 19.7016
n -2.93042e-06 -0.280748 -0.949186
v 5 3.96 19.6
n 0.260066 -0.129093 -0.942453
v 3.2 2.4568 19.7016
n 0.267994 -0.26839 -0.90899
v 3.2 3.8552 19.4064
n 0.260066 -0.129093 -0.942453
v 3.2 2.4568 19.7016
n -2.93042e-06 -0.280748 -0.949186
v 5 3.96 19.6
n 0.267994 -0.26839 -0.90899
v 5 2.54 19.9
n -0.268023 -0.268731 -0.908873
v 6.8 3.8552 19.4064
n -2.10079e-06 -0.134789 -0.981676
v 5 2.54 19.9
n -2.93042e-06 -0.280748 -0.949186
v 5 3.96 19.6
n -2.10079e-06 -0.134789 -0.981676
v 5 2.54 19.9
n -0.268023 -0.268731 -0.908873
v 6.8 3.8552 19.4064
n -2.93042e-06 -0.280748 -0.949186
v 6.8 2.4568 19.7016
n -0.574515 -0.224279 -0.760372
v 8.2 3.5408 18.8256
n -0.260087 -0.129307 -0.942408
v 6.8 2.4568 19.7016
n -0.268023 -0.268731 -0.908873
v 6.8 3.8552 19.4064
n -0.260087 -0.129307 -0.942408
v 6.8 2.4568 19.7016
n -0.574515 -0.224279 -0.760372
v 8.2 3.5408 18.8256
n -0.268023 -0.268731 -0.908873
v 8.2 2.2072 19.1064
n -0.829937 -0.147928 -0.503656
v 9.2 3.0168 17.8576
n -0.562603 -0.108631 -0.794786
v 8.2 2.2072 19.1064
n -0.574515 -0.224279 -0.760372
v 8.2 3.5408 18.8256
n -0.562603 -0.108631 -0.794786
v 8.2 2.2072 19.1064
n -0.829937 -0.147928 -0.503656
v 9.2 3.0168 17.8576
n -0.574515 -0.224279 -0.760372
v 9.2 1.7912 18.1144
n -0.961598 -0.0662971 -0.226954
v 9.8 2.2832 16.5024
n -0.821683 -0.0722756 -0.532222
v 9.2 1.7912 18.1144
n -0.829937 -0.147928 -0.503656
v 9.2 3.0168 17.8576
n -0.821683 -0.0722756 -0.532222
v 9.2 1.7912 18.1144
n -0.961598 -0.0662971 -0.226954
v 9.8 2.2832 16.5024
n -0.829937 -0.147928 -0.503656
v 9.8 1.2088 16.7256
n -0.994659 -0.000161005 9.79609e-05
v 10 1.34 14.76
n -0.959125 -0.0325844 -0.241776
v 9.8 1.2088 16.7256
n -0.961598 -0.0662971 -0.226954
v 9.8 2.2832 16.5024
n -0.959125 -0.0325844 -0.241776
v 9.8 1.2088 16.7256
n -0.994659 -0.000161005 9.79609e-05
v 10 1.34 14.76
n -0.961598 -0.0662971 -0.226954
v 10 0.46 14.94
n -0.961403 0.0642978 0.228093
v 9.8 0.396799 13.0176
n -0.994282 -0.000104525 5.23976e-05
v 10 0.46 14.94
n -0.994659 -0.000161005 9.79609e-05
v 10 1.34 14.76
n -0.994282 -0.000104525 5.23976e-05
v 10 0.46 14.94
n -0.961403 0.0642978 0.228093
v 9.8 0.396799 13.0176
n -0.994659 -0.000161005 9.79609e-05
v 9.8 -0.2888 13.1544
n -0.828854 0.139998 0.507492
v 9.2 -0.336801 11.6624
n -0.958982 0.0312999 0.242365
v 9.8 -0.2888 13.1544
n -0.961403 0.0642978 0.228093
v 9.8 0.396799 13.0176
n -0.958982 0.0312999 0.242365
v 9.8 -0.2888 13.1544
n -0.828854 0.139998 0.507492
v 9.2 -0.336801 11.6624
n -0.961403 0.0642978 0.228093
v 9.2 -0.8712 11.7656
n -0.57228 0.205954 0.767379
v 8.2 -0.860801 10.6944
n -0.820912 0.0672797 0.534045
v 9.2 -0.8712 11.7656
n -0.828854 0.139998 0.507492
v 9.2 -0.336801 11.6624
n -0.820912 0.0672797 0.534045
v 9.2 -0.8712 11.7656
n -0.57228 0.205954 0.767379
v 8.2 -0.860801 10.6944
n -0.828854 0.139998 0.507492
v 8.2 -1.2872 10.7736
n -0.415004 0.232159 0.877011
v 6.8 -1.1752 10.1136
n -0.561061 0.0973645 0.797679
v 8.2 -1.2872 10.7736
n -0.57228 0.205954 0.767379
v 8.2 -0.860801 10.6944
n -0.561061 0.0973645 0.797679
v 8.2 -1.2872 10.7736
n -0.415004 0.232159 0.877011
v 6.8 -1.1752 10.1136
n -0.57228 0.205954 0.767379
v 6.8 -1.5368 10.1784
n 0.258514 0.108727 0.946219
v 3.2 -1.5368 10.1784
n 0.111113 0.0261145 0.993121
v 5 -2 10
n 0.113529 0.112429 0.985289
v 5 -1.62 9.98
n 0.111113 0.0261145 0.993121
v 5 -2 10
n 0.258514 0.108727 0.946219
v 3.2 -1.5368 10.1784
n 0.113529 0.112429 0.985289
v 3.2 -1.94 10.2
n 0.560542 0.0938279 0.79861
v 1.8 -1.2872 10.7736
n 0.253581 0.0253249 0.955345
v 3.2 -1.94 10.2
n 0.258514 0.108727 0.946219
v 3.2 -1.5368 10.1784
n 0.253581 0.0253249 0.955345
v 3.2 -1.94 10.2
n 0.560542 0.0938279 0.79861
v 1.8 -1.2872 10.7736
n 0.258514 0.108727 0.946219
v 1.8 -1.76 10.8
n 0.820545 0.0649053 0.534926
v 0.8 -0.8712 11.7656
n 0.552772 0.022056 0.810863
v 1.8 -1.76 10.8
n 0.560542 0.0938279 0.79861
v 1.8 -1.2872 10.7736
n 0.552772 0.022056 0.810863
v 1.8 -1.76 10.8
n 0.820545 0.0649053 0.534926
v 0.8 -0.8712 11.7656
n 0.560542 0.0938279 0.79861
v 0.8 -1.46 11.8
n 0.958885 0.030377 0.242791
v 0.2 -0.2888 13.1544
n 0.81483 0.0154621 0.547673
v 0.8 -1.46 11.8
n 0.820545 0.0649053 0.534926
v 0.8 -0.8712 11.7656
n 0.81483 0.0154621 0.547673
v 0.8 -1.46 11.8
n 0.958885 0.030377 0.242791
v 0.2 -0.2888 13.1544
n 0.820545 0.0649053 0.534926
v 0.2 -1.04 13.2
n 0.994272 -0.000163859 8.22e-05
v 0 0.46 14.94
n 0.95707 0.00732154 0.250347
v 0.2 -1.04 13.2
n 0.958885 0.030377 0.242791
v 0.2 -0.2888 13.1544
n 0.95707 0.00732154 0.250347
v 0.2 -1.04 13.2
n 0.994272 -0.000163859 8.22e-05
v 0 0.46 14.94
n 0.958885 0.030377 0.242791
v 0 -0.5 15
n 0.959097 -0.0322692 -0.241924
v 0.2 1.2088 16.7256
n 0.993977 -4.75511e-05 1.96977e-05
v 0 -0.5 15
n 0.994272 -0.000163859 8.22e-05
v 0 0.46 14.94
n 0.993977 -4.75511e-05 1.96977e-05
v 0 -0.5 15
n 0.959097 -0.0322692 -0.241924
v 0.2 1.2088 16.7256
n 0.994272 -0.000163859 8.22e-05
v 0.2 0.0400001 16.8
n 0.821622 -0.0718403 -0.532394
v 0.8 1.7912 18.1144
n 0.957135 -0.00786564 -0.250147
v 0.2 0.0400001 16.8
n 0.959097 -0.0322692 -0.241924
v 0.2 1.2088 16.7256
n 0.957135 -0.00786564 -0.250147
v 0.2 0.0400001 16.8
n 0.821622 -0.0718403 -0.532394
v 0.8 1.7912 18.1144
n 0.959097 -0.0322692 -0.241924
v 0.8 0.46 18.2
n 0.562547 -0.108248 -0.794898
v 1.8 2.2072 19.1064
n 0.815153 -0.01742 -0.547141
v 0.8 0.46 18.2
n 0.821622 -0.0718403 -0.532394
v 0.8 1.7912 18.1144
n 0.815153 -0.01742 -0.547141
v 0.8 0.46 18.2
n 0.562547 -0.108248 -0.794898
v 1.8 2.2072 19.1064
n 0.821622 -0.0718403 -0.532394
v 1.8 0.76 19.2
n 0.260066 -0.129093 -0.942453
v 3.2 2.4568 19.7016
n 0.553357 -0.0260416 -0.81022
v 1.8 0.76 19.2
n 0.562547 -0.108248 -0.794898
v 1.8 2.2072 19.1064
n 0.553357 -0.0260416 -0.81022
v 1.8 0.76 19.2
n 0.260066 -0.129093 -0.942453
v 3.2 2.4568 19.7016
n 0.562547 -0.108248 -0.794898
v 3.2 0.94 19.8
n -2.10079e-06 -0.134789 -0.981676
v 5 2.54 19.9
n 0.254025 -0.0308738 -0.954863
v 3.2 0.94 19.8
n 0.260066 -0.129093 -0.942453
v 3.2 2.4568 19.7016
n 0.254025 -0.0308738 -0.954863
v 3.2 0.94 19.8
n -2.10079e-06 -0.134789 -0.981676
v 5 2.54 19.9
n 0.260066 -0.129093 -0.942453
v 5 1 20
n -0.260087 -0.129307 -0.942408
v 6.8 2.4568 19.7016
n -6.86405e-07 -0.0321791 -0.992738
v 5 1 20
n -2.10079e-06 -0.134789 -0.981676
v 5 2.54 19.9
n -6.86405e-07 -0.0321791 -0.992738
v 5 1 20
n -0.260087 -0.129307 -0.942408
v 6.8 2.4568 19.7016
n -2.10079e-06 -0.134789 -0.981676
v 6.8 0.94 19.8
n -0.562603 -0.108631 -0.794786
v 8.2 2.2072 19.1064
n -0.254032 -0.0309337 -0.954856
v 6.8 0.94 19.8
n -0.260087 -0.129307 -0.942408
v 6.8 2.4568 19.7016
n -0.254032 -0.0309337 -0.954856
v 6.8 0.94 19.8
n -0.562603 -0.108631 -0.794786
v 8.2 2.2072 19.1064
n -0.260087 -0.129307 -0.942408
v 8.2 0.76 19.2
n -0.821683 -0.0722756 -0.532222
v 9.2 1.7912 18.1144
n -0.553374 -0.0261506 -0.810199
v 8.2 0.76 19.2
n -0.562603 -0.108631 -0.794786
v 8.2 2.2072 19.1064
n -0.553374 -0.0261506 -0.810199
v 8.2 0.76 19.2
n -0.821683 -0.0722756 -0.532222
v 9.2 1.7912 18.1144
n -0.562603 -0.108631 -0.794786
v 9.2 0.46 18.2
n -0.959125 -0.0325844 -0.241776
v 9.8 1.2088 16.7256
n -0.815172 -0.0175456 -0.547102
v 9.2 0.46 18.2
n -0.821683 -0.0722756 -0.532222
v 9.2 1.7912 18.1144
n -0.815172 -0.0175456 -0.547102
v 9.2 0.46 18.2
n -0.959125 -0.0325844 -0.241776
v 9.8 1.2088 16.7256
n -0.821683 -0.0722756 -0.532222
v 9.8 0.0400001 16.8
n -0.994282 -0.000104525 5.23976e-05
v 10 0.46 14.94
n -0.957144 -0.0079574 -0.250112
v 9.8 0.0400001 16.8
n -0.959125 -0.0325844 -0.241776
v 9.8 1.2088 16.7256
n -0.957144 -0.0079574 -0.250112
v 9.8 0.0400001 16.8
n -0.994282 -0.000104525 5.23976e-05
v 10 0.46 14.94
n -0.959125 -0.0325844 -0.241776
v 10 -0.5 15
n -0.958982 0.0312999 0.242365
v 9.8 -0.2888 13.1544
n -0.99398 -3.04536e-05 1.26164e-05
v 10 -0.5 15
n -0.994282 -0.000104525 5.23976e-05
v 10 0.46 14.94
n -0.99398 -3.04536e-05 1.26164e-05
v 10 -0.5 15
n -0.958982 0.0312999 0.242365
v 9.8 -0.2888 13.1544
n -0.994282 -0.000104525 5.23976e-05
v 9.8 -1.04 13.2
n -0.820912 0.0672797 0.534045
v 9.2 -0.8712 11.7656
n -0.9571 0.00758574 0.250249
v 9.8 -1.04 13.2
n -0.958982 0.0312999 0.242365
v 9.8 -0.2888 13.1544
n -0.9571 0.00758574 0.250249
v 9.8 -1.04 13.2
n -0.820912 0.0672797 0.534045
v 9.2 -0.8712 11.7656
n -0.958982 0.0312999 0.242365
v 9.2 -1.46 11.8
n -0.561061 0.0973645 0.797679
v 8.2 -1.2872 10.7736
n -0.814938 0.0161259 0.547487
v 9.2 -1.46 11.8
n -0.820912 0.0672797 0.534045
v 9.2 -0.8712 11.7656
n -0.814938 0.0161259 0.547487
v 9.2 -1.46 11.8
n -0.561061 0.0973645 0.797679
v 8.2 -1.2872 10.7736
n -0.820912 0.0672797 0.534045
v 8.2 -1.76 10.8
n -0.403985 0.108868 0.906362
v 6.8 -1.5368 10.1784
n -0.552919 0.023019 0.810699
v 8.2 -1.76 10.8
n -0.561061 0.0973645 0.797679
v 8.2 -1.2872 10.7736
n -0.552919 0.023019 0.810699
v 8.2 -1.76 10.8
n -0.403985 0.108868 0.906362
v 6.8 -1.5368 10.1784
n -0.561061 0.0973645 0.797679
v 6.8 -1.94 10.2
n 0.253581 0.0253249 0.955345
v 3.2 -1.94 10.2
n 0.110432 -1.52563e-07 0.993884
v 5 -2.84 10
n 0.111113 0.0261145 0.993121
v 5 -2 10
n 0.110432 -1.52563e-07 0.993884
v 5 -2.84 10
n 0.253581 0.0253249 0.955345
v 3.2 -1.94 10.2
n 0.111113 0.0261145 0.993121
v 3.2 -2.8016 10.2
n 0.552772 0.022056 0.810863
v 1.8 -1.76 10.8
n 0.252176 -1.7698e-07 0.956514
v 3.2 -2.8016 10.2
n 0.253581 0.0253249 0.955345
v 3.2 -1.94 10.2
n 0.252176 -1.7698e-07 0.956514
v 3.2 -2.8016 10.2
n 0.552772 0.022056 0.810863
v 1.8 -1.76 10.8
n 0.253581 0.0253249 0.955345
v 1.8 -2.6864 10.8
n 0.81483 0.0154621 0.547673
v 0.8 -1.46 11.8
n 0.550513 -1.5416e-07 0.813126
v 1.8 -2.6864 10.8
n 0.552772 0.022056 0.810863
v 1.8 -1.76 10.8
n 0.550513 -1.5416e-07 0.813126
v 1.8 -2.6864 10.8
n 0.81483 0.0154621 0.547673
v 0.8 -1.46 11.8
n 0.552772 0.022056 0.810863
v 0.8 -2.4944 11.8
n 0.95707 0.00732154 0.250347
v 0.2 -1.04 13.2
n 0.813126 -8.96766e-08 0.550513
v 0.8 -2.4944 11.8
n 0.81483 0.0154621 0.547673
v 0.8 -1.46 11.8
n 0.813126 -8.96766e-08 0.550513
v 0.8 -2.4944 11.8
n 0.95707 0.00732154 0.250347
v 0.2 -1.04 13.2
n 0.81483 0.0154621 0.547673
v 0.2 -2.2256 13.2
n 0.993977 -4.75511e-05 1.96977e-05
v 0 -0.5 15
n 0.956514 -4.62695e-08 0.252175
v 0.2 -2.2256 13.2
n 0.95707 0.00732154 0.250347
v 0.2 -1.04 13.2
n 0.956514 -4.62695e-08 0.252175
v 0.2 -2.2256 13.2
n 0.993977 -4.75511e-05 1.96977e-05
v 0 -0.5 15
n 0.95707 0.00732154 0.250347
v 0 -1.88 15
n 0.957135 -0.00786564 -0.250147
v 0.2 0.0400001 16.8
n 0.993884 -3.59747e-09 -3.18368e-08
v 0 -1.88 15
n 0.993977 -4.75511e-05 1.96977e-05
v 0 -0.5 15
n 0.993884 -3.59747e-09 -3.18368e-08
v 0 -1.88 15
n 0.957135 -0.00786564 -0.250147
v 0.2 0.0400001 16.8
n 0.993977 -4.75511e-05 1.96977e-05
v 0.2 -1.5344 16.8
n 0.815153 -0.01742 -0.547141
v 0.8 0.46 18.2
n 0.956514 3.09913e-08 -0.252175
v 0.2 -1.5344 16.8
n 0.957135 -0.00786564 -0.250147
v 0.2 0.0400001 16.8
n 0.956514 3.09913e-08 -0.252175
v 0.2 -1.5344 16.8
n 0.815153 -0.01742 -0.547141
v 0.8 0.46 18.2
n 0.957135 -0.00786564 -0.250147
v 0.8 -1.2656 18.2
n 0.553357 -0.0260416 -0.81022
v 1.8 0.76 19.2
n 0.813126 8.06133e-08 -0.550513
v 0.8 -1.2656 18.2
n 0.815153 -0.01742 -0.547141
v 0.8 0.46 18.2
n 0.813126 8.06133e-08 -0.550513
v 0.8 -1.2656 18.2
n 0.553357 -0.0260416 -0.81022
v 1.8 0.76 19.2
n 0.815153 -0.01742 -0.547141
v 1.8 -1.0736 19.2
n 0.254025 -0.0308738 -0.954863
v 3.2 0.94 19.8
n 0.550513 1.1942e-07 -0.813126
v 1.8 -1.0736 19.2
n 0.553357 -0.0260416 -0.81022
v 1.8 0.76 19.2
n 0.550513 1.1942e-07 -0.813126
v 1.8 -1.0736 19.2
n 0.254025 -0.0308738 -0.954863
v 3.2 0.94 19.8
n 0.553357 -0.0260416 -0.81022
v 3.2 -0.9584 19.8
n -6.86405e-07 -0.0321791 -0.992738
v 5 1 20
n 0.252175 8.31687e-08 -0.956514
v 3.2 -0.9584 19.8
n 0.254025 -0.0308738 -0.954863
v 3.2 0.94 19.8
n 0.252175 8.31687e-08 -0.956514
v 3.2 -0.9584 19.8
n -6.86405e-07 -0.0321791 -0.992738
v 5 1 20
n 0.254025 -0.0308738 -0.954863
v 5 -0.92 20
n -0.254032 -0.0309337 -0.954856
v 6.8 0.94 19.8
n -1.02066e-07 7.18536e-08 -0.993884
v 5 -0.92 20
n -6.86405e-07 -0.0321791 -0.992738
v 5 1 20
n -1.02066e-07 7.18536e-08 -0.993884
v 5 -0.92 20
n -0.254032 -0.0309337 -0.954856
v 6.8 0.94 19.8
n -6.86405e-07 -0.0321791 -0.992738
v 6.8 -0.9584 19.8
n -0.553374 -0.0261506 -0.810199
v 8.2 0.76 19.2
n -0.252176 1.03413e-07 -0.956514
v 6.8 -0.9584 19.8
n -0.254032 -0.0309337 -0.954856
v 6.8 0.94 19.8
n -0.252176 1.03413e-07 -0.956514
v 6.8 -0.9584 19.8
n -0.553374 -0.0261506 -0.810199
v 8.2 0.76 19.2
n -0.254032 -0.0309337 -0.954856
v 8.2 -1.0736 19.2
n -0.815172 -0.0175456 -0.547102
v 9.2 0.46 18.2
n -0.550513 8.60817e-08 -0.813126
v 8.2 -1.0736 19.2
n -0.553374 -0.0261506 -0.810199
v 8.2 0.76 19.2
n -0.550513 8.60817e-08 -0.813126
v 8.2 -1.0736 19.2
n -0.815172 -0.0175456 -0.547102
v 9.2 0.46 18.2
n -0.553374 -0.0261506 -0.810199
v 9.2 -1.2656 18.2
n -0.957144 -0.0079574 -0.250112
v 9.8 0.0400001 16.8
n -0.813126 1.05799e-07 -0.550513
v 9.2 -1.2656 18.2
n -0.815172 -0.0175456 -0.547102
v 9.2 0.46 18.2
n -0.813126 1.05799e-07 -0.550513
v 9.2 -1.2656 18.2
n -0.957144 -0.0079574 -0.250112
v 9.8 0.0400001 16.8
n -0.815172 -0.0175456 -0.547102
v 9.8 -1.5344 16.8
n -0.99398 -3.04536e-05 1.26164e-05
v 10 -0.5 15
n -0.956514 1.13571e-07 -0.252175
v 9.8 -1.5344 16.8
n -0.957144 -0.0079574 -0.250112
v 9.8 0.0400001 16.8
n -0.956514 1.13571e-07 -0.252175
v 9.8 -1.5344 16.8
n -0.99398 -3.04536e-05 1.26164e-05
v 10 -0.5 15
n -0.957144 -0.0079574 -0.250112
v 10 -1.88 15
n -0.9571 0.00758574 0.250249
v 9.8 -1.04 13.2
n -0.993884 7.47503e-08 -6.10673e-08
v 10 -1.88 15
n -0.99398 -3.04536e-05 1.26164e-05
v 10 -0.5 15
n -0.993884 7.47503e-08 -6.10673e-08
v 10 -1.88 15
n -0.9571 0.00758574 0.250249
v 9.8 -1.04 13.2
n -0.99398 -3.04536e-05 1.26164e-05
v 9.8 -2.2256 13.2
n -0.814938 0.0161259 0.547487
v 9.2 -1.46 11.8
n -0.956514 5.34085e-08 0.252176
v 9.8 -2.2256 13.2
n -0.9571 0.00758574 0.250249
v 9.8 -1.04 13.2
n -0.956514 5.34085e-08 0.252176
v 9.8 -2.2256 13.2
n -0.814938 0.0161259 0.547487
v 9.2 -1.46 11.8
n -0.9571 0.00758574 0.250249
v 9.2 -2.4944 11.8
n -0.552919 0.023019 0.810699
v 8.2 -1.76 10.8
n -0.813126 1.48675e-08 0.550513
v 9.2 -2.4944 11.8
n -0.814938 0.0161259 0.547487
v 9.2 -1.46 11.8
n -0.813126 1.48675e-08 0.550513
v 9.2 -2.4944 11.8
n -0.552919 0.023019 0.810699
v 8.2 -1.76 10.8
n -0.814938 0.0161259 0.547487
v 8.2 -2.6864 10.8
n -0.396183 0.025567 0.917455
v 6.8 -1.94 10.2
n -0.550513 -3.41176e-08 0.813126
v 8.2 -2.6864 10.8
n -0.552919 0.023019 0.810699
v 8.2 -1.76 10.8
n -0.550513 -3.41176e-08 0.813126
v 8.2 -2.6864 10.8
n -0.396183 0.025567 0.917455
v 6.8 -1.94 10.2
n -0.552919 0.023019 0.810699
v 6.8 -2.8016 10.2
n 0.252176 -1.7698e-07 0.956514
v 3.2 -2.8016 10.2
n 0.110432 7.18368e-08 0.993884
v 5 -4.56 10
n 0.110432 -1.52563e-07 0.993884
v 5 -2.84 10
n 0.110432 7.18368e-08 0.993884
v 5 -4.56 10
n 0.252176 -1.7698e-07 0.956514
v 3.2 -2.8016 10.2
n 0.110432 -1.52563e-07 0.993884
v 3.2 -4.5384 10.2
n 0.550513 -1.5416e-07 0.813126
v 1.8 -2.6864 10.8
n 0.252176 5.33924e-08 0.956514
v 3.2 -4.5384 10.2
n 0.252176 -1.7698e-07 0.956514
v 3.2 -2.8016 10.2
n 0.252176 5.33924e-08 0.956514
v 3.2 -4.5384 10.2
n 0.550513 -1.5416e-07 0.813126
v 1.8 -2.6864 10.8
n 0.252176 -1.7698e-07 0.956514
v 1.8 -4.4736 10.8
n 0.813126 -8.96766e-08 0.550513
v 0.8 -2.4944 11.8
n 0.550513 7.16164e-08 0.813126
v 1.8 -4.4736 10.8
n 0.550513 -1.5416e-07 0.813126
v 1.8 -2.6864 10.8
n 0.550513 7.16164e-08 0.813126
v 1.8 -4.4736 10.8
n 0.813126 -8.96766e-08 0.550513
v 0.8 -2.4944 11.8
n 0.550513 -1.5416e-07 0.813126
v 0.8 -4.3656 11.8
n 0.956514 -4.62695e-08 0.252175
v 0.2 -2.2256 13.2
n 0.813126 7.93783e-08 0.550513
v 0.8 -4.3656 11.8
n 0.813126 -8.96766e-08 0.550513
v 0.8 -2.4944 11.8
n 0.813126 7.93783e-08 0.550513
v 0.8 -4.3656 11.8
n 0.956514 -4.62695e-08 0.252175
v 0.2 -2.2256 13.2
n 0.813126 -8.96766e-08 0.550513
v 0.2 -4.2144 13.2
n 0.993884 -3.59747e-09 -3.18368e-08
v 0 -1.88 15
n 0.956514 3.13242e-08 0.252175
v 0.2 -4.2144 13.2
n 0.956514 -4.62695e-08 0.252175
v 0.2 -2.2256 13.2
n 0.956514 3.13242e-08 0.252175
v 0.2 -4.2144 13.2
n 0.993884 -3.59747e-09 -3.18368e-08
v 0 -1.88 15
n 0.956514 -4.62695e-08 0.252175
v 0 -4.02 15
n 0.956514 3.09913e-08 -0.252175
v 0.2 -1.5344 16.8
n 0.993884 1.41981e-09 -3.63197e-08
v 0 -4.02 15
n 0.993884 -3.59747e-09 -3.18368e-08
v 0 -1.88 15
n 0.993884 1.41981e-09 -3.63197e-08
v 0 -4.02 15
n 0.956514 3.09913e-08 -0.252175
v 0.2 -1.5344 16.8
n 0.993884 -3.59747e-09 -3.18368e-08
v 0.2 -3.8256 16.8
n 0.813126 8.06133e-08 -0.550513
v 0.8 -1.2656 18.2
n 0.956514 -3.23996e-08 -0.252175
v 0.2 -3.8256 16.8
n 0.956514 3.09913e-08 -0.252175
v 0.2 -1.5344 16.8
n 0.956514 -3.23996e-08 -0.252175
v 0.2 -3.8256 16.8
n 0.813126 8.06133e-08 -0.550513
v 0.8 -1.2656 18.2
n 0.956514 3.09913e-08 -0.252175
v 0.8 -3.6744 18.2
n 0.550513 1.1942e-07 -0.813126
v 1.8 -1.0736 19.2
n 0.813126 -7.50017e-08 -0.550513
v 0.8 -3.6744 18.2
n 0.813126 8.06133e-08 -0.550513
v 0.8 -1.2656 18.2
n 0.813126 -7.50017e-08 -0.550513
v 0.8 -3.6744 18.2
n 0.550513 1.1942e-07 -0.813126
v 1.8 -1.0736 19.2
n 0.813126 8.06133e-08 -0.550513
v 1.8 -3.5664 19.2
n 0.252175 8.31687e-08 -0.956514
v 3.2 -0.9584 19.8
n 0.550513 -1.00219e-07 -0.813126
v 1.8 -3.5664 19.2
n 0.550513 1.1942e-07 -0.813126
v 1.8 -1.0736 19.2
n 0.550513 -1.00219e-07 -0.813126
v 1.8 -3.5664 19.2
n 0.252175 8.31687e-08 -0.956514
v 3.2 -0.9584 19.8
n 0.550513 1.1942e-07 -0.813126
v 3.2 -3.5016 19.8
n -1.02066e-07 7.18536e-08 -0.993884
v 5 -0.92 20
n 0.252175 -1.30698e-07 -0.956514
v 3.2 -3.5016 19.8
n 0.252175 8.31687e-08 -0.956514
v 3.2 -0.9584 19.8
n 0.252175 -1.30698e-07 -0.956514
v 3.2 -3.5016 19.8
n -1.02066e-07 7.18536e-08 -0.993884
v 5 -0.92 20
n 0.252175 8.31687e-08 -0.956514
v 5 -3.48 20
n -0.252176 1.03413e-07 -0.956514
v 6.8 -0.9584 19.8
n -1.30432e-07 -1.26803e-07 -0.993884
v 5 -3.48 20
n -1.02066e-07 7.18536e-08 -0.993884
v 5 -0.92 20
n -1.30432e-07 -1.26803e-07 -0.993884
v 5 -3.48 20
n -0.252176 1.03413e-07 -0.956514
v 6.8 -0.9584 19.8
n -1.02066e-07 7.18536e-08 -0.993884
v 6.8 -3.5016 19.8
n -0.550513 8.60817e-08 -0.813126
v 8.2 -1.0736 19.2
n -0.252176 -1.29808e-07 -0.956514
v 6.8 -3.5016 19.8
n -0.252176 1.03413e-07 -0.956514
v 6.8 -0.9584 19.8
n -0.252176 -1.29808e-07 -0.956514
v 6.8 -3.5016 19.8
n -0.550513 8.60817e-08 -0.813126
v 8.2 -1.0736 19.2
n -0.252176 1.03413e-07 -0.956514
v 8.2 -3.5664 19.2
n -0.813126 1.05799e-07 -0.550513
v 9.2 -1.2656 18.2
n -0.550513 -1.9835e-07 -0.813126
v 8.2 -3.5664 19.2
n -0.550513 8.60817e-08 -0.813126
v 8.2 -1.0736 19.2
n -0.550513 -1.9835e-07 -0.813126
v 8.2 -3.5664 19.2
n -0.813126 1.05799e-07 -0.550513
v 9.2 -1.2656 18.2
n -0.550513 8.60817e-08 -0.813126
v 9.2 -3.6744 18.2
n -0.956514 1.13571e-07 -0.252175
v 9.8 -1.5344 16.8
n -0.813126 -1.76608e-07 -0.550513
v 9.2 -3.6744 18.2
n -0.813126 1.05799e-07 -0.550513
v 9.2 -1.2656 18.2
n -0.813126 -1.76608e-07 -0.550513
v 9.2 -3.6744 18.2
n -0.956514 1.13571e-07 -0.252175
v 9.8 -1.5344 16.8
n -0.813126 1.05799e-07 -0.550513
v 9.8 -3.8256 16.8
n -0.993884 7.47503e-08 -6.10673e-08
v 10 -1.88 15
n -0.956514 -1.12055e-07 -0.252175
v 9.8 -3.8256 16.8
n -0.956514 1.13571e-07 -0.252175
v 9.8 -1.5344 16.8
n -0.956514 -1.12055e-07 -0.252175
v 9.8 -3.8256 16.8
n -0.993884 7.47503e-08 -6.10673e-08
v 10 -1.88 15
n -0.956514 1.13571e-07 -0.252175
v 10 -4.02 15
n -0.956514 5.34085e-08 0.252176
v 9.8 -2.2256 13.2
n -0.993884 -7.63842e-08 -2.11989e-08
v 10 -4.02 15
n -0.993884 7.47503e-08 -6.10673e-08
v 10 -1.88 15
n -0.993884 -7.63842e-08 -2.11989e-08
v 10 -4.02 15
n -0.956514 5.34085e-08 0.252176
v 9.8 -2.2256 13.2
n -0.993884 7.47503e-08 -6.10673e-08
v 9.8 -4.2144 13.2
n -0.813126 1.48675e-08 0.550513
v 9.2 -2.4944 11.8
n -0.956514 -4.06893e-08 0.252176
v 9.8 -4.2144 13.2
n -0.956514 5.34085e-08 0.252176
v 9.8 -2.2256 13.2
n -0.956514 -4.06893e-08 0.252176
v 9.8 -4.2144 13.2
n -0.813126 1.48675e-08 0.550513
v 9.2 -2.4944 11.8
n -0.956514 5.34085e-08 0.252176
v 9.2 -4.3656 11.8
n -0.550513 -3.41176e-08 0.813126
v 8.2 -2.6864 10.8
n -0.813126 -9.78931e-09 0.550513
v 9.2 -4.3656 11.8
n -0.813126 1.48675e-08 0.550513
v 9.2 -2.4944 11.8
n -0.813126 -9.78931e-09 0.550513
v 9.2 -4.3656 11.8
n -0.550513 -3.41176e-08 0.813126
v 8.2 -2.6864 10.8
n -0.813126 1.48675e-08 0.550513
v 8.2 -4.4736 10.8
n -0.393919 -5.57201e-08 0.919145
v 6.8 -2.8016 10.2
n -0.550513 1.55152e-08 0.813126
v 8.2 -4.4736 10.8
n -0.550513 -3.41176e-08 0.813126
v 8.2 -2.6864 10.8
n -0.550513 1.55152e-08 0.813126
v 8.2 -4.4736 10.8
n -0.393919 -5.57201e-08 0.919145
v 6.8 -2.8016 10.2
n -0.550513 -3.41176e-08 0.813126
v 6.8 -4.5384 10.2
n 0.252176 5.33924e-08 0.956514
v 3.2 -4.5384 10.2
n 0.110432 2.34544e-08 0.993884
v 5 -7.16 10
n 0.110432 7.18368e-08 0.993884
v 5 -4.56 10
n 0.110432 2.34544e-08 0.993884
v 5 -7.16 10
n 0.252176 5.33924e-08 0.956514
v 3.2 -4.5384 10.2
n 0.110432 7.18368e-08 0.993884
v 3.2 -7.1504 10.2
n 0.550513 7.16164e-08 0.813126
v 1.8 -4.4736 10.8
n 0.252176 5.42343e-08 0.956514
v 3.2 -7.1504 10.2
n 0.252176 5.33924e-08 0.956514
v 3.2 -4.5384 10.2
n 0.252176 5.42343e-08 0.956514
v 3.2 -7.1504 10.2
n 0.550513 7.16164e-08 0.813126
v 1.8 -4.4736 10.8
n 0.252176 5.33924e-08 0.956514
v 1.8 -7.1216 10.8
n 0.813126 7.93783e-08 0.550513
v 0.8 -4.3656 11.8
n 0.550513 3.97979e-08 0.813126
v 1.8 -7.1216 10.8
n 0.550513 7.16164e-08 0.813126
v 1.8 -4.4736 10.8
n 0.550513 3.97979e-08 0.813126
v 1.8 -7.1216 10.8
n 0.813126 7.93783e-08 0.550513
v 0.8 -4.3656 11.8
n 0.550513 7.16164e-08 0.813126
v 0.8 -7.0736 11.8
n 0.956514 3.13242e-08 0.252175
v 0.2 -4.2144 13.2
n 0.813126 2.46897e-09 0.550513
v 0.8 -7.0736 11.8
n 0.813126 7.93783e-08 0.550513
v 0.8 -4.3656 11.8
n 0.813126 2.46897e-09 0.550513
v 0.8 -7.0736 11.8
n 0.956514 3.13242e-08 0.252175
v 0.2 -4.2144 13.2
n 0.813126 7.93783e-08 0.550513
v 0.2 -7.0064 13.2
n 0.993884 1.41981e-09 -3.63197e-08
v 0 -4.02 15
n 0.956514 8.48822e-09 0.252175
v 0.2 -7.0064 13.2
n 0.956514 3.13242e-08 0.252175
v 0.2 -4.2144 13.2
n 0.956514 8.48822e-09 0.252175
v 0.2 -7.0064 13.2
n 0.993884 1.41981e-09 -3.63197e-08
v 0 -4.02 15
n 0.956514 3.13242e-08 0.252175
v 0 -6.92 15
n 0.956514 -3.23996e-08 -0.252175
v 0.2 -3.8256 16.8
n 0.993884 1.61382e-09 -2.8862e-08
v 0 -6.92 15
n 0.993884 1.41981e-09 -3.63197e-08
v 0 -4.02 15
n 0.993884 1.61382e-09 -2.8862e-08
v 0 -6.92 15
n 0.956514 -3.23996e-08 -0.252175
v 0.2 -3.8256 16.8
n 0.993884 1.41981e-09 -3.63197e-08
v 0.2 -6.8336 16.8
n 0.813126 -7.50017e-08 -0.550513
v 0.8 -3.6744 18.2
n 0.956514 -2.41815e-09 -0.252175
v 0.2 -6.8336 16.8
n 0.956514 -3.23996e-08 -0.252175
v 0.2 -3.8256 16.8
n 0.956514 -2.41815e-09 -0.252175
v 0.2 -6.8336 16.8
n 0.813126 -7.50017e-08 -0.550513
v 0.8 -3.6744 18.2
n 0.956514 -3.23996e-08 -0.252175
v 0.8 -6.7664 18.2
n 0.550513 -1.00219e-07 -0.813126
v 1.8 -3.5664 19.2
n 0.813126 -1.72232e-08 -0.550513
v 0.8 -6.7664 18.2
n 0.813126 -7.50017e-08 -0.550513
v 0.8 -3.6744 18.2
n 0.813126 -1.72232e-08 -0.550513
v 0.8 -6.7664 18.2
n 0.550513 -1.00219e-07 -0.813126
v 1.8 -3.5664 19.2
n 0.813126 -7.50017e-08 -0.550513
v 1.8 -6.7184 19.2
n 0.252175 -1.30698e-07 -0.956514
v 3.2 -3.5016 19.8
n 0.550513 -4.30746e-08 -0.813126
v 1.8 -6.7184 19.2
n 0.550513 -1.00219e-07 -0.813126
v 1.8 -3.5664 19.2
n 0.550513 -4.30746e-08 -0.813126
v 1.8 -6.7184 19.2
n 0.252175 -1.30698e-07 -0.956514
v 3.2 -3.5016 19.8
n 0.550513 -1.00219e-07 -0.813126
v 3.2 -6.6896 19.8
n -1.30432e-07 -1.26803e-07 -0.993884
v 5 -3.48 20
n 0.252175 -8.1732e-09 -0.956514
v 3.2 -6.6896 19.8
n 0.252175 -1.30698e-07 -0.956514
v 3.2 -3.5016 19.8
n 0.252175 -8.1732e-09 -0.956514
v 3.2 -6.6896 19.8
n -1.30432e-07 -1.26803e-07 -0.993884
v 5 -3.48 20
n 0.252175 -1.30698e-07 -0.956514
v 5 -6.68 20
n -0.252176 -1.29808e-07 -0.956514
v 6.8 -3.5016 19.8
n -1.30905e-07 -9.23912e-10 -0.993884
v 5 -6.68 20
n -1.30432e-07 -1.26803e-07 -0.993884
v 5 -3.48 20
n -1.30905e-07 -9.23912e-10 -0.993884
v 5 -6.68 20
n -0.252176 -1.29808e-07 -0.956514
v 6.8 -3.5016 19.8
n -1.30432e-07 -1.26803e-07 -0.993884
v 6.8 -6.6896 19.8
n -0.550513 -1.9835e-07 -0.813126
v 8.2 -3.5664 19.2
n -0.252175 -2.52649e-08 -0.956514
v 6.8 -6.6896 19.8
n -0.252176 -1.29808e-07 -0.956514
v 6.8 -3.5016 19.8
n -0.252175 -2.52649e-08 -0.956514
v 6.8 -6.6896 19.8
n -0.550513 -1.9835e-07 -0.813126
v 8.2 -3.5664 19.2
n -0.252176 -1.29808e-07 -0.956514
v 8.2 -6.7184 19.2
n -0.813126 -1.76608e-07 -0.550513
v 9.2 -3.6744 18.2
n -0.550513 2.91814e-08 -0.813126
v 8.2 -6.7184 19.2
n -0.550513 -1.9835e-07 -0.813126
v 8.2 -3.5664 19.2
n -0.550513 2.91814e-08 -0.813126
v 8.2 -6.7184 19.2
n -0.813126 -1.76608e-07 -0.550513
v 9.2 -3.6744 18.2
n -0.550513 -1.9835e-07 -0.813126
v 9.2 -6.7664 18.2
n -0.956514 -1.12055e-07 -0.252175
v 9.8 -3.8256 16.8
n -0.813126 1.99758e-08 -0.550513
v 9.2 -6.7664 18.2
n -0.813126 -1.76608e-07 -0.550513
v 9.2 -3.6744 18.2
n -0.813126 1.99758e-08 -0.550513
v 9.2 -6.7664 18.2
n -0.956514 -1.12055e-07 -0.252175
v 9.8 -3.8256 16.8
n -0.813126 -1.76608e-07 -0.550513
v 9.8 -6.8336 16.8
n -0.993884 -7.63842e-08 -2.11989e-08
v 10 -4.02 15
n -0.956514 -1.5558e-08 -0.252175
v 9.8 -6.8336 16.8
n -0.956514 -1.12055e-07 -0.252175
v 9.8 -3.8256 16.8
n -0.956514 -1.5558e-08 -0.252175
v 9.8 -6.8336 16.8
n -0.993884 -7.63842e-08 -2.11989e-08
v 10 -4.02 15
n -0.956514 -1.12055e-07 -0.252175
v 10 -6.92 15
n -0.956514 -4.06893e-08 0.252176
v 9.8 -4.2144 13.2
n -0.993884 -8.89252e-09 -2.18918e-08
v 10 -6.92 15
n -0.993884 -7.63842e-08 -2.11989e-08
v 10 -4.02 15
n -0.993884 -8.89252e-09 -2.18918e-08
v 10 -6.92 15
n -0.956514 -4.06893e-08 0.252176
v 9.8 -4.2144 13.2
n -0.993884 -7.63842e-08 -2.11989e-08
v 9.8 -7.0064 13.2
n -0.813126 -9.78931e-09 0.550513
v 9.2 -4.3656 11.8
n -0.956514 -9.60995e-09 0.252176
v 9.8 -7.0064 13.2
n -0.956514 -4.06893e-08 0.252176
v 9.8 -4.2144 13.2
n -0.956514 -9.60995e-09 0.252176
v 9.8 -7.0064 13.2
n -0.813126 -9.78931e-09 0.550513
v 9.2 -4.3656 11.8
n -0.956514 -4.06893e-08 0.252176
v 9.2 -7.0736 11.8
n -0.550513 1.55152e-08 0.813126
v 8.2 -4.4736 10.8
n -0.813126 -4.07358e-09 0.550513
v 9.2 -7.0736 11.8
n -0.813126 -9.78931e-09 0.550513
v 9.2 -4.3656 11.8
n -0.813126 -4.07358e-09 0.550513
v 9.2 -7.0736 11.8
n -0.550513 1.55152e-08 0.813126
v 8.2 -4.4736 10.8
n -0.813126 -9.78931e-09 0.550513
v 8.2 -7.1216 10.8
n -0.393919 1.59145e-08 0.919145
v 6.8 -4.5384 10.2
n -0.550513 -5.60355e-09 0.813126
v 8.2 -7.1216 10.8
n -0.550513 1.55152e-08 0.813126
v 8.2 -4.4736 10.8
n -0.550513 -5.60355e-09 0.813126
v 8.2 -7.1216 10.8
n -0.393919 1.59145e-08 0.919145
v 6.8 -4.5384 10.2
n -0.550513 1.55152e-08 0.813126
v 6.8 -7.1504 10.2
n 0.252176 5.42343e-08 0.956514
v 3.2 -7.1504 10.2
n 0.0552159 8.42285e-09 0.496942
v 5 -10.64 10
n 0.110432 2.34544e-08 0.993884
v 5 -7.16 10
n 0.0552159 8.42285e-09 0.496942
v 5 -10.64 10
n 0.252176 5.42343e-08 0.956514
v 3.2 -7.1504 10.2
n 0.110432 2.34544e-08 0.993884
v 3.2 -10.6376 10.2
n 0.550513 3.97979e-08 0.813126
v 1.8 -7.1216 10.8
n 0.252176 2.86526e-08 0.956514
v 3.2 -10.6376 10.2
n 0.252176 5.42343e-08 0.956514
v 3.2 -7.1504 10.2
n 0.252176 2.86526e-08 0.956514
v 3.2 -10.6376 10.2
n 0.550513 3.97979e-08 0.813126
v 1.8 -7.1216 10.8
n 0.252176 5.42343e-08 0.956514
v 1.8 -10.6304 10.8
n 0.813126 2.46897e-09 0.550513
v 0.8 -7.0736 11.8
n 0.550513 -1.35386e-09 0.813126
v 1.8 -10.6304 10.8
n 0.550513 3.97979e-08 0.813126
v 1.8 -7.1216 10.8
n 0.550513 -1.35386e-09 0.813126
v 1.8 -10.6304 10.8
n 0.813126 2.46897e-09 0.550513
v 0.8 -7.0736 11.8
n 0.550513 3.97979e-08 0.813126
v 0.8 -10.6184 11.8
n 0.956514 8.48822e-09 0.252175
v 0.2 -7.0064 13.2
n 0.813126 -2.47747e-08 0.550513
v 0.8 -10.6184 11.8
n 0.813126 2.46897e-09 0.550513
v 0.8 -7.0736 11.8
n 0.813126 -2.47747e-08 0.550513
v 0.8 -10.6184 11.8
n 0.956514 8.48822e-09 0.252175
v 0.2 -7.0064 13.2
n 0.813126 2.46897e-09 0.550513
v 0.2 -10.6016 13.2
n 0.993884 1.61382e-09 -2.8862e-08
v 0 -6.92 15
n 0.956514 -4.67505e-09 0.252175
v 0.2 -10.6016 13.2
n 0.956514 8.48822e-09 0.252175
v 0.2 -7.0064 13.2
n 0.956514 -4.67505e-09 0.252175
v 0.2 -10.6016 13.2
n 0.993884 1.61382e-09 -2.8862e-08
v 0 -6.92 15
n 0.956514 8.48822e-09 0.252175
v 0 -10.58 15
n 0.956514 -2.41815e-09 -0.252175
v 0.2 -6.8336 16.8
n 0.993884 -2.7485e-09 -1.8354e-08
v 0 -10.58 15
n 0.993884 1.61382e-09 -2.8862e-08
v 0 -6.92 15
n 0.993884 -2.7485e-09 -1.8354e-08
v 0 -10.58 15
n 0.956514 -2.41815e-09 -0.252175
v 0.2 -6.8336 16.8
n 0.993884 1.61382e-09 -2.8862e-08
v 0.2 -10.5584 16.8
n 0.813126 -1.72232e-08 -0.550513
v 0.8 -6.7664 18.2
n 0.956514 2.58005e-08 -0.252175
v 0.2 -10.5584 16.8
n 0.956514 -2.41815e-09 -0.252175
v 0.2 -6.8336 16.8
n 0.956514 2.58005e-08 -0.252175
v 0.2 -10.5584 16.8
n 0.813126 -1.72232e-08 -0.550513
v 0.8 -6.7664 18.2
n 0.956514 -2.41815e-09 -0.252175
v 0.8 -10.5416 18.2
n 0.550513 -4.30746e-08 -0.813126
v 1.8 -6.7184 19.2
n 0.813126 3.66592e-08 -0.550513
v 0.8 -10.5416 18.2
n 0.813126 -1.72232e-08 -0.550513
v 0.8 -6.7664 18.2
n 0.813126 3.66592e-08 -0.550513
v 0.8 -10.5416 18.2
n 0.550513 -4.30746e-08 -0.813126
v 1.8 -6.7184 19.2
n 0.813126 -1.72232e-08 -0.550513
v 1.8 -10.5296 19.2
n 0.252175 -8.1732e-09 -0.956514
v 3.2 -6.6896 19.8
n 0.550513 2.16267e-08 -0.813126
v 1.8 -10.5296 19.2
n 0.550513 -4.30746e-08 -0.813126
v 1.8 -6.7184 19.2
n 0.550513 2.16267e-08 -0.813126
v 1.8 -10.5296 19.2
n 0.252175 -8.1732e-09 -0.956514
v 3.2 -6.6896 19.8
n 0.550513 -4.30746e-08 -0.813126
v 3.2 -10.5224 19.8
n -1.30905e-07 -9.23912e-10 -0.993884
v 5 -6.68 20
n 0.252175 3.19564e-08 -0.956514
v 3.2 -10.5224 19.8
n 0.252175 -8.1732e-09 -0.956514
v 3.2 -6.6896 19.8
n 0.252175 3.19564e-08 -0.956514
v 3.2 -10.5224 19.8
n -1.30905e-07 -9.23912e-10 -0.993884
v 5 -6.68 20
n 0.252175 -8.1732e-09 -0.956514
v 5 -10.52 20
n -0.252175 -2.52649e-08 -0.956514
v 6.8 -6.6896 19.8
n -1.28903e-07 5.05921e-09 -0.993884
v 5 -10.52 20
n -1.30905e-07 -9.23912e-10 -0.993884
v 5 -6.68 20
n -1.28903e-07 5.05921e-09 -0.993884
v 5 -10.52 20
n -0.252175 -2.52649e-08 -0.956514
v 6.8 -6.6896 19.8
n -1.30905e-07 -9.23912e-10 -0.993884
v 6.8 -10.5224 19.8
n -0.550513 2.91814e-08 -0.813126
v 8.2 -6.7184 19.2
n -0.252175 -4.12269e-08 -0.956514
v 6.8 -10.5224 19.8
n -0.252175 -2.52649e-08 -0.956514
v 6.8 -6.6896 19.8
n -0.252175 -4.12269e-08 -0.956514
v 6.8 -10.5224 19.8
n -0.550513 2.91814e-08 -0.813126
v 8.2 -6.7184 19.2
n -0.252175 -2.52649e-08 -0.956514
v 8.2 -10.5296 19.2
n -0.813126 1.99758e-08 -0.550513
v 9.2 -6.7664 18.2
n -0.550513 2.61234e-08 -0.813126
v 8.2 -10.5296 19.2
n -0.550513 2.91814e-08 -0.813126
v 8.2 -6.7184 19.2
n -0.550513 2.61234e-08 -0.813126
v 8.2 -10.5296 19.2
n -0.813126 1.99758e-08 -0.550513
v 9.2 -6.7664 18.2
n -0.550513 2.91814e-08 -0.813126
v 9.2 -10.5416 18.2
n -0.956514 -1.5558e-08 -0.252175
v 9.8 -6.8336 16.8
n -0.813126 7.7266e-08 -0.550513
v 9.2 -10.5416 18.2
n -0.813126 1.99758e-08 -0.550513
v 9.2 -6.7664 18.2
n -0.813126 7.7266e-08 -0.550513
v 9.2 -10.5416 18.2
n -0.956514 -1.5558e-08 -0.252175
v 9.8 -6.8336 16.8
n -0.813126 1.99758e-08 -0.550513
v 9.8 -10.5584 16.8
n -0.993884 -8.89252e-09 -2.18918e-08
v 10 -6.92 15
n -0.956514 6.7423e-08 -0.252175
v 9.8 -10.5584 16.8
n -0.956514 -1.5558e-08 -0.252175
v 9.8 -6.8336 16.8
n -0.956514 6.7423e-08 -0.252175
v 9.8 -10.5584 16.8
n -0.993884 -8.89252e-09 -2.18918e-08
v 10 -6.92 15
n -0.956514 -1.5558e-08 -0.252175
v 10 -10.58 15
n -0.956514 -9.60995e-09 0.252176
v 9.8 -7.0064 13.2
n -0.993884 3.632e-08 -1.95009e-08
v 10 -10.58 15
n -0.993884 -8.89252e-09 -2.18918e-08
v 10 -6.92 15
n -0.993884 3.632e-08 -1.95009e-08
v 10 -10.58 15
n -0.956514 -9.60995e-09 0.252176
v 9.8 -7.0064 13.2
n -0.993884 -8.89252e-09 -2.18918e-08
v 9.8 -10.6016 13.2
n -0.813126 -4.07358e-09 0.550513
v 9.2 -7.0736 11.8
n -0.956514 1.22791e-08 0.252176
v 9.8 -10.6016 13.2
n -0.956514 -9.60995e-09 0.252176
v 9.8 -7.0064 13.2
n -0.956514 1.22791e-08 0.252176
v 9.8 -10.6016 13.2
n -0.813126 -4.07358e-09 0.550513
v 9.2 -7.0736 11.8
n -0.956514 -9.60995e-09 0.252176
v 9.2 -10.6184 11.8
n -0.550513 -5.60355e-09 0.813126
v 8.2 -7.1216 10.8
n -0.813126 2.48717e-08 0.550513
v 9.2 -10.6184 11.8
n -0.813126 -4.07358e-09 0.550513
v 9.2 -7.0736 11.8
n -0.813126 2.48717e-08 0.550513
v 9.2 -10.6184 11.8
n -0.550513 -5.60355e-09 0.813126
v 8.2 -7.1216 10.8
n -0.813126 -4.07358e-09 0.550513
v 8.2 -10.6304 10.8
n -0.393919 -5.31786e-09 0.919145
v 6.8 -7.1504 10.2
n -0.550513 1.44602e-08 0.813126
v 8.2 -10.6304 10.8
n -0.550513 -5.60355e-09 0.813126
v 8.2 -7.1216 10.8
n -0.550513 1.44602e-08 0.813126
v 8.2 -10.6304 10.8
n -0.393919 -5.31786e-09 0.919145
v 6.8 -7.1504 10.2
n -0.550513 -5.60355e-09 0.813126
v 6.8 -10.6376 10.2
